"aircraft_id","aircraft_model","airline","creation_date","modification_date","status","tail_number"
"1547","CRJ-700","Skywest Airlines","2009-09-10T16:33:00.000","2017-10-25T08:59:00.000","Inactive","N637CA"
"11971","E175-","Skywest Airlines","2018-04-23T08:34:00.000",,"Active","N205SY"
"11957","B747-400","KLM Royal Dutch Airlines","2018-04-14T16:49:00.000",,"Active","PHBFB"
"11911","B737-700","Southwest Airlines","2018-03-17T17:20:00.000",,"Active","N968WN"
"3833","A320-200","United Airlines","2011-08-23T19:20:00.000","2018-05-02T08:06:00.000","Active","N424UA"
"11889","SHORTS-360","DHL Express (USA)","2018-03-08T12:51:00.000","2018-03-08T12:52:00.000","Active","N24MG"
"11644","B737-800","Alaska Airlines","2017-10-11T17:31:00.000",,"Active","N560AS"
"1155","EMB-120","Skywest Airlines","2009-05-30T18:48:00.000","2017-10-25T07:57:00.000","Inactive","N218SW"
"216","B747-400","Evergreen International Airlines","2009-01-23T00:00:00.000",,"Active","3203EV"
"1518","CRJ-700","Skywest Airlines","2009-09-03T16:25:00.000","2017-10-25T09:10:00.000","Inactive","N340CA"
"11956","CRJ-200","Skywest Airlines","2018-04-14T05:34:00.000",,"Active","N906EV"
"11826","CRJ-200","Skywest Airlines","2018-01-22T13:25:00.000",,"Active","N701BR"
"11713","A350-900","Cathay Pacific","2017-11-07T12:05:00.000",,"Active","BLRL"
"1577","EMB-120","Skywest Airlines","2009-09-21T20:58:00.000","2017-10-25T08:03:00.000","Inactive","N576SW"
"517","A300-B2","Swissport USA","2009-01-23T00:00:00.000",,"Active","373PC"
"11869","A321-200","Delta Air Lines","2018-02-27T23:35:00.000",,"Active","N321DH"
"11649","B777-300","Emirates ","2017-10-14T16:58:00.000",,"Active","A6EFJ"
"1184","EMB-120","Skywest Airlines","2009-06-04T07:13:00.000","2017-10-25T07:58:00.000","Inactive","N229SW"
"11666","B747-400ER","Nippon Cargo Airlines","2017-10-19T17:31:00.000",,"Active","JA08KZ"
"11824","B767-400ER","Delta Air Lines","2018-01-22T08:26:00.000",,"Active","N854MH"
"12056","B737-700","Southwest Airlines","2018-05-30T19:14:00.000",,"Active","N7879A"
"11704","B787-9","Virgin Atlantic","2017-11-01T21:03:00.000","2018-03-01T12:09:00.000","Active","GVBOW"
"11476","B777-300","Korean Air Lines","2017-07-15T17:18:00.000","2018-03-05T15:15:00.000","Active","HL9999"
"9631","B717-","Delta Air Lines","2015-07-10T17:19:00.000","2018-06-17T21:01:00.000","Active","N608AT"
"11846","A330-200","American Airlines","2018-02-10T20:57:00.000",,"Active","N289AY"
"11914","CRJ-200","Skywest Airlines","2018-03-21T01:39:00.000",,"Active","N925EV"
"2678","CRJ-900","Skywest Airlines","2010-09-30T17:34:00.000","2017-10-25T09:02:00.000","Inactive","N258SK"
"11853","B767-400ER","Delta Air Lines","2018-02-16T21:15:00.000",,"Active","N829MH"
"11647","B777-300","United Airlines","2017-10-13T06:25:00.000",,"Active","N3639U"
"11925","B787-9","Korean Air Lines","2018-03-26T16:38:00.000",,"Active","HL8083"
"11692","CRJ-900","Air Canada","2017-10-27T20:21:00.000",,"Active","CGPJZ"
"1404","B747-400","Qantas Airways","2009-08-03T13:01:00.000","2018-02-19T15:07:00.000","Active","VH-OEJ"
"11708","A350-900","Cathay Pacific","2017-11-03T16:13:00.000",,"Active","BLRQ"
"11888","B737-900","Alaska Airlines","2018-03-06T18:20:00.000",,"Active","N281AK"
"11648","B777-300","Korean Air Lines","2017-10-13T08:11:00.000",,"Active","HL8011"
"12068","B737-900","Alaska Airlines","2018-06-09T00:04:00.000",,"Active","N263AK"
"518","B747-400","Swissport USA","2009-01-23T00:00:00.000",,"Active","740WA"
"11798","A320-200","Air Canada","2018-01-03T15:02:00.000",,"Active","CFLSS"
"11979","E175-","Horizon Air ","2018-05-02T01:04:00.000",,"Active","N623QX"
"11840","B767-300","Atlas Air, Inc","2018-02-05T03:54:00.000",,"Active","N1399A"
"11920","B787-9","Korean Air Lines","2018-03-25T15:59:00.000",,"Active","HL8082"
"519","DC8-73F","Swissport USA","2009-01-23T00:00:00.000",,"Active","865F"
"11696","A350-900","Asiana Airlines","2017-10-29T13:29:00.000",,"Active","HL7578"
"11980","B737-800","Southwest Airlines","2018-05-04T13:39:00.000",,"Active","N8715Q"
"11694","B737-900","Alaska Airlines","2017-10-28T21:55:00.000",,"Active","N280AS"
"11764","B737-900","Alaska Airlines","2017-12-07T20:13:00.000",,"Active","N440AS"
"11829","A330-300","Hawaiian Airlines","2018-01-24T20:14:00.000",,"Active","N382HA"
"11773","A350-900","Cathay Pacific","2017-12-13T11:36:00.000",,"Active","BLRV"
"11848","A321-200","Delta Air Lines","2018-02-13T12:05:00.000",,"Active","N335DN"
"11930","B737-700","Southwest Airlines","2018-03-29T20:10:00.000",,"Active","N7743B"
"253","B747-400","Singapore Airlines","2009-01-23T00:00:00.000",,"Active","9VSFQ"
"11730","B747-400","Qantas Airways","2017-11-17T22:14:00.000","2018-02-19T15:09:00.000","Active","VH-OJS"
"11891","B777-300","Korean Air Lines","2018-03-08T16:18:00.000",,"Active","HL8250"
"9215","EMB-120","Skywest Airlines","2015-02-19T08:55:00.000","2017-10-25T07:58:00.000","Inactive","N224SW"
"11795","CRJ-900","Air Canada","2017-12-31T05:55:00.000",,"Active","CGLJZ"
"11637","A321-200","JetBlue Airways","2017-10-06T15:04:00.000",,"Active","N982JT"
"11728","A350-900","Cathay Pacific","2017-11-17T11:40:00.000",,"Active","BLRO"
"11776","A319-","Delta Air Lines","2017-12-16T12:50:00.000",,"Active","N368NB"
"2","A300-600","Air China","2009-01-23T00:00:00.000",,"Active","AC1234"
"11746","CRJ-200","Skywest Airlines","2017-11-24T10:14:00.000","2017-11-24T10:17:00.000","Active","N905EV"
"11868","B737-900","Alaska Airlines","2018-02-27T17:23:00.000",,"Active","N266AK"
"11762","B767-400ER","Delta Air Lines","2017-12-05T05:34:00.000",,"Active","N832MH"
"11863","A321-200","Virgin America","2018-02-24T00:32:00.000",,"Active","N924VA"
"11793","B737-700","Sun Country Airlines","2017-12-28T03:06:00.000",,"Active","N716SY"
"11772","B737-900","Alaska Airlines","2017-12-12T21:13:00.000",,"Active","N448AS"
"7507","E175-","Compass Airlines","2013-09-14T05:12:00.000","2017-11-07T11:57:00.000","Active","N633CZ"
"202","MD-11","EVA Airways","2009-01-23T00:00:00.000",,"Active","B16108"
"203","MD-11","EVA Airways","2009-01-23T00:00:00.000",,"Active","B16109"
"204","MD-11","EVA Airways","2009-01-23T00:00:00.000",,"Active","B16110"
"205","MD-11","EVA Airways","2009-01-23T00:00:00.000",,"Active","B16113"
"206","B747-400","EVA Airways","2009-01-23T00:00:00.000",,"Active","B16401"
"207","B747-400","EVA Airways","2009-01-23T00:00:00.000",,"Active","B16402"
"208","B747-400","EVA Airways","2009-01-23T00:00:00.000",,"Active","B16403"
"11643","B777-300","United Airlines","2017-10-11T08:15:00.000",,"Active","N2534U"
"8272","E175-","Compass Airlines","2014-02-21T16:43:00.000","2017-11-18T18:00:00.000","Active","N607CZ"
"210","B747-400","EVA Airways","2009-01-23T00:00:00.000",,"Active","B16462"
"211","B747-400","EVA Airways","2009-01-23T00:00:00.000",,"Active","B16463"
"212","B747-400","EVA Airways","2009-01-23T00:00:00.000",,"Active","B16481"
"213","B747-400","EVA Airways","2009-01-23T00:00:00.000",,"Active","B16482"
"214","B747-400","EVA Airways","2009-01-23T00:00:00.000",,"Active","B16483"
"215","B747-400","EVA Airways","2009-01-23T00:00:00.000",,"Active","B16487"
"11768","B767-300","DHL Express (USA)","2017-12-12T05:31:00.000",,"Active","N648GT"
"2671","CRJ-900","Skywest Airlines","2010-09-25T22:10:00.000","2017-10-25T09:05:00.000","Inactive","N4903S"
"1914","EMB-120","Skywest Airlines","2010-01-13T07:53:00.000","2017-10-25T08:04:00.000","Inactive","N580SW"
"1419","CRJ-200","Skywest Airlines","2009-08-06T14:52:00.000","2017-10-25T08:51:00.000","Inactive","N461SK"
"11686","B737-800","Alaska Airlines","2017-10-23T19:59:00.000",,"Active","N551AS"
"11717","E175-","Skywest Airlines","2017-11-09T05:48:00.000",,"Active","N167SY"
"11852","B777-300","Korean Air Lines","2018-02-16T14:33:00.000",,"Active","HL7202"
"11639","B737-800","Alaska Airlines","2017-10-08T20:24:00.000",,"Active","N633AS"
"5425","EMB-120","Skywest Airlines","2012-07-06T15:03:00.000","2017-10-25T07:59:00.000","Inactive","N236SW"
"80","B747-400","China Airlines","2009-01-23T00:00:00.000",,"Active","B18702"
"81","B747-400","China Airlines","2009-01-23T00:00:00.000",,"Active","B18705"
"831","CRJ-100","Skywest Airlines","2009-03-13T14:08:00.000","2017-10-25T09:09:00.000","Inactive","N454"
"11945","B737-800","Southwest Airlines","2018-04-07T16:22:00.000",,"Active","N8528Q"
"11919","CRJ-200","Skywest Airlines","2018-03-25T15:02:00.000",,"Active","N903EV"
"1211","B747-400","Qantas Airways","2009-06-11T02:55:00.000","2018-02-19T15:06:00.000","Active","VH-OED"
"1783","B767-200","Amerijet","2009-11-25T16:10:00.000","2018-03-27T09:57:00.000","Active","N743AX"
"8921","EMB-120","Skywest Airlines","2014-11-01T12:16:00.000","2017-10-25T08:02:00.000","Inactive","N560SW"
"8374","CRJ-200","Skywest Airlines","2014-04-01T08:35:00.000","2017-10-25T08:49:00.000","Inactive","N412SW"
"11794","A350-900","Cathay Pacific","2017-12-30T07:08:00.000",,"Active","BLRM"
"11960","B777-300","All Nippon Airways","2018-04-16T14:32:00.000",,"Active","JA778A"
"11786","B777-300","Korean Air Lines","2017-12-23T09:38:00.000",,"Active","HL8274"
"12051","A321-200","JetBlue Airways","2018-05-25T22:58:00.000",,"Active","N985JT"
"942","CRJ-200","Skywest Airlines","2009-04-13T15:04:00.000","2017-10-25T10:11:00.000","Active","N461SW"
"10451","B777-300","Cathay Pacific","2016-03-15T13:29:00.000","2018-03-06T15:52:00.000","Active","BKQQ"
"83","B747-400","China Airlines","2009-01-23T00:00:00.000",,"Active","B18721"
"7307","B767-200","DHL Express (USA)","2013-08-02T15:43:00.000","2017-11-01T21:17:00.000","Active","N652GT"
"84","B747-400","China Airlines","2009-01-23T00:00:00.000",,"Active","B18723"
"10824","CRJ-900","Skywest Airlines","2016-09-22T00:05:00.000","2017-10-25T09:02:00.000","Inactive","N240SW"
"11690","B737-900","Alaska Airlines","2017-10-25T19:49:00.000",,"Active","N442AS"
"85","MD-11","China Cargo Airlines","2009-01-23T00:00:00.000",,"Active","B2170"
"86","MD-11","China Cargo Airlines","2009-01-23T00:00:00.000",,"Active","B2171"
"87","MD-11","China Cargo Airlines","2009-01-23T00:00:00.000",,"Active","B2172"
"88","MD-11","China Cargo Airlines","2009-01-23T00:00:00.000",,"Active","B2173"
"89","MD-11","China Cargo Airlines","2009-01-23T00:00:00.000",,"Active","B2174"
"90","MD-11","China Cargo Airlines","2009-01-23T00:00:00.000",,"Active","B2175"
"9723","B717-","Delta Air Lines","2015-08-22T16:52:00.000","2017-12-18T06:55:00.000","Active","N957AT"
"12048","B777-300","United Airlines","2018-05-24T08:12:00.000",,"Active","N2747U"
"11709","A350-900","Cathay Pacific","2017-11-05T11:56:00.000",,"Active","BLRN"
"931","CRJ-200","Skywest Airlines","2009-04-09T14:33:00.000","2017-10-25T08:23:00.000","Active","N455SW"
"11650","B737-900","Alaska Airlines","2017-10-14T20:38:00.000",,"Active","N274AS"
"11791","B777-300","EVA Airways","2017-12-26T17:02:00.000",,"Active","B16727"
"11701","B737-900","Alaska Airlines","2017-10-31T20:04:00.000",,"Active","N270AS"
"1908","EMB-120","Skywest Airlines","2010-01-12T06:05:00.000","2017-10-25T07:57:00.000","Inactive","N221SW"
"62","B747-400","Cathay Pacific","2009-01-23T00:00:00.000",,"Active","BHKH"
"63","B747-400","Cathay Pacific","2009-01-23T00:00:00.000",,"Active","BHKJ"
"64","B747-400","Cathay Pacific","2009-01-23T00:00:00.000",,"Active","BHKS"
"12045","B757-200","Delta Air Lines","2018-05-23T09:57:00.000",,"Active","N823DZ"
"11864","B787-9","Virgin Atlantic","2018-02-26T12:51:00.000",,"Active","G-VDIA"
"65","B747-400","Cathay Pacific","2009-01-23T00:00:00.000",,"Active","BHME"
"66","B747-400","Cathay Pacific","2009-01-23T00:00:00.000",,"Active","BHOU"
"815","B747-200","Kalitta Air","2009-03-09T17:48:00.000","2018-04-30T15:56:00.000","Active","N706CK"
"67","B747-400","Cathay Pacific","2009-01-23T00:00:00.000",,"Active","BHOZ"
"11860","A321-200","Delta Air Lines","2018-02-21T20:11:00.000",,"Active","N334DN"
"68","B747-400","Cathay Pacific","2009-01-23T00:00:00.000",,"Active","BHUF"
"69","B747-400","Cathay Pacific","2009-01-23T00:00:00.000",,"Active","BHUH"
"70","B747-400","Cathay Pacific","2009-01-23T00:00:00.000",,"Active","BHUK"
"71","B747-400","Cathay Pacific","2009-01-23T00:00:00.000",,"Active","BHUL"
"72","B747-400","Cathay Pacific","2009-01-23T00:00:00.000",,"Active","BHUO"
"73","B747-400","Cathay Pacific","2009-01-23T00:00:00.000",,"Active","BHUP"
"74","B747-400","Cathay Pacific","2009-01-23T00:00:00.000",,"Active","BHUQ"
"75","B747-400","Cathay Pacific","2009-01-23T00:00:00.000",,"Active","BHUR"
"76","B747-400","Cathay Pacific","2009-01-23T00:00:00.000",,"Active","BHUS"
"10368","B777-300","Cathay Pacific","2016-02-07T12:07:00.000","2018-03-06T15:51:00.000","Active","X"
"11985","A321-200","Virgin America","2018-05-08T01:43:00.000",,"Active","N927VA"
"77","B747-400","Cathay Pacific","2009-01-23T00:00:00.000",,"Active","BKAH"
"78","B747-400","Cathay Pacific","2009-01-23T00:00:00.000",,"Active","BKAI"
"12062","B767-300","Pacific Aviation","2018-06-06T12:54:00.000",,"Active","TFISO"
"11970","B747-8F","Korean Air Lines","2018-04-22T16:38:00.000",,"Active","HL7631"
"11870","A300-B4/C4","Aer Lingus","2018-03-01T10:44:00.000","2018-03-01T10:58:00.000","Active","EIGAG"
"891","CRJ-200","Skywest Airlines","2009-03-27T14:50:00.000","2017-10-25T09:12:00.000","Inactive","N405SW"
"11752","A350-900","Cathay Pacific","2017-11-27T12:52:00.000",,"Active","BLRC"
"11790","A330-200","American Airlines","2017-12-26T14:00:00.000",,"Active","N877AY"
"11958","A319-","United Airlines","2018-04-15T08:02:00.000",,"Active","N892UA"
"11685","B737-900","Alaska Airlines","2017-10-22T21:53:00.000",,"Active","N491AS"
"11751","B767-400ER","Delta Air Lines","2017-11-26T12:37:00.000",,"Active","N843MH"
"11967","A321-200","JetBlue Airways","2018-04-21T06:40:00.000",,"Active","N983JT"
"11691","B737-900","Alaska Airlines","2017-10-26T20:40:00.000",,"Active","N471AS"
"11757","B737-900","Alaska Airlines","2017-12-02T20:35:00.000",,"Active","N581AS"
"11924","B787-8","United Airlines","2018-03-26T06:39:00.000",,"Active","N30910"
"11913","B737-900","Delta Air Lines","2018-03-18T20:55:00.000",,"Active","N891DN"
"1807","B737-300","Skywest Airlines","2009-12-03T14:55:00.000","2017-10-25T08:13:00.000","Inactive","N613SW"
"12065","B737-900","Alaska Airlines","2018-06-08T00:25:00.000",,"Active","N265AK"
"5824","CRJ-900","Skywest Airlines","2012-09-22T18:17:00.000","2017-10-25T09:00:00.000","Inactive","N617SK"
"11966","B737-800","Southwest Airlines","2018-04-20T18:13:00.000",,"Active","N8525S"
"11716","B737-900","Alaska Airlines","2017-11-08T21:00:00.000",,"Active","N457AS"
"1800","EMB-120","Skywest Airlines","2009-12-01T05:48:00.000","2017-10-25T07:58:00.000","Inactive","N233SW"
"11753","CRJ-200","Skywest Airlines","2017-11-27T14:12:00.000",,"Active","N937EV"
"11774","E175-","Skywest Airlines","2017-12-14T15:11:00.000",,"Active","N183SY"
"11833","A321-200","Delta Air Lines","2018-01-29T21:36:00.000",,"Active","N332DN"
"1808","EMB-120","Skywest Airlines","2009-12-04T07:12:00.000","2017-10-25T08:00:00.000","Inactive","N288SW"
"11884","A320-200","JetBlue Airways","2018-03-03T10:15:00.000",,"Active","N988JT"
"12024","B787-9","Air Canada","2018-05-19T12:39:00.000","2018-05-19T12:54:00.000","Active","C-FNOE"
"11838","CRJ-200","Skywest Airlines","2018-02-02T14:30:00.000",,"Active","N901EV"
"11766","A350-900","Cathay Pacific","2017-12-11T11:38:00.000","2018-03-06T15:52:00.000","Active","XXX"
"11851","A321-200","Delta Air Lines","2018-02-15T19:29:00.000",,"Active","N304DN"
"5745","EMB-120","Skywest Airlines","2012-08-31T08:33:00.000","2017-10-25T08:00:00.000","Inactive","N294SW"
"4644","EMB-120","Skywest Airlines","2012-03-13T06:46:00.000","2017-10-25T07:58:00.000","Inactive","N235SW"
"1459","CRJ-200","Skywest Airlines","2009-08-22T16:36:00.000","2017-10-25T08:51:00.000","Inactive","N459SK"
"1917","EMB-120","Skywest Airlines","2010-01-13T08:04:00.000","2017-10-25T08:04:00.000","Inactive","N583SW"
"11856","A320-200","TACA","2018-02-21T04:17:00.000",,"Active","N683TA"
"11699","A350-900","Asiana Airlines","2017-10-30T19:34:00.000",,"Active","HL8079"
"11873","B747-400","Korean Air Lines","2018-03-02T18:16:00.000",,"Active","HL7605"
"1915","EMB-120","Skywest Airlines","2010-01-13T08:02:00.000","2017-10-25T08:02:00.000","Inactive","N564SW"
"2628","CRJ-900","Skywest Airlines","2010-09-11T18:12:00.000","2017-10-25T09:10:00.000","Inactive","N250SW"
"11871","B777-300","EVA Airways","2018-03-02T15:21:00.000",,"Active","B16726"
"11763","B737-900","Alaska Airlines","2017-12-06T20:37:00.000",,"Active","N272AK"
"12066","B747-400","Atlas Air, Inc","2018-06-08T19:25:00.000",,"Active","N404MC"
"1035","EMB-120","Skywest Airlines","2009-05-07T19:00:00.000","2017-10-25T08:01:00.000","Inactive","N308SW"
"11718","A350-900","Cathay Pacific","2017-11-09T11:44:00.000",,"Active","BLRA"
"11796","A350-900","Cathay Pacific","2018-01-01T06:10:00.000",,"Active","BLRG"
"11811","B737-900","Delta Air Lines","2018-01-17T14:02:00.000",,"Active","N889DN"
"12054","A321-200","Virgin America","2018-05-29T17:09:00.000",,"Active","N926VA"
"11929","B787-9","Korean Air Lines","2018-03-29T12:48:00.000",,"Active","HL8081"
"11731","B767-400ER","Delta Air Lines","2017-11-19T16:57:00.000",,"Active","N828MH"
"11770","A350-900","Cathay Pacific","2017-12-12T11:47:00.000","2017-12-12T11:48:00.000","Active","BLRI"
"11813","A350-900","Asiana Airlines","2018-01-17T17:01:00.000",,"Active","HL7579"
"11750","A350-900","Cathay Pacific","2017-11-26T12:26:00.000",,"Active","BLRJ"
"11748","A350-900","Cathay Pacific","2017-11-25T10:16:00.000",,"Active","RLRM"
"8235","B747-400","China Airlines","2014-02-08T22:05:00.000","2017-11-13T20:09:00.000","Active","B-18709"
"11765","B767-400ER","Delta Air Lines","2017-12-08T13:05:00.000",,"Active","N838MH"
"2976","EMB-120","Skywest Airlines","2011-02-17T05:47:00.000","2017-10-25T08:03:00.000","Inactive","N566SW"
"11745","A321-200","American Airlines","2017-11-23T07:49:00.000",,"Active","N161AA"
"11845","A319-","American Airlines","2018-02-10T12:55:00.000",,"Active","N808AW"
"12070","B767-300","Icelandair EHF","2018-06-10T12:40:00.000",,"Active","TFISN"
"12057","B767-300","Delta Air Lines","2018-06-01T11:58:00.000",,"Active","N174DZ"
"11787","B737-800","American Airlines","2017-12-24T14:36:00.000",,"Active","N3JB"
"12069","B717-","Delta Air Lines","2018-06-09T22:59:00.000",,"Active","N897AT"
"5666","EMB-120","Skywest Airlines","2012-08-12T07:01:00.000","2017-10-25T07:58:00.000","Inactive","N223SW"
"1615","CRJ-700","Delta Air Lines","2009-10-02T17:27:00.000","2017-10-25T08:59:00.000","Active","N668CA"
"11734","B737-800","Alaska Airlines","2017-11-20T22:22:00.000",,"Active","N586AS"
"11972","A319-","United Airlines","2018-04-23T10:09:00.000",,"Active","N183UA"
"12058","MD-11","Total Airport Services, LLC","2018-06-01T14:20:00.000",,"Active","N987AR"
"12007","B737-700","Southwest Airlines","2018-05-16T16:06:00.000",,"Active","N7874B"
"11706","A350-900","Cathay Pacific","2017-11-02T13:28:00.000",,"Active","BLRB"
"11981","B737-800","WestJet Airlines","2018-05-04T14:20:00.000",,"Active","CFLSF"
"11747","CRJ-200","Skywest Airlines","2017-11-24T10:18:00.000","2017-11-24T10:18:00.000","Active","N880AS"
"11844","A350-900","Cathay Pacific","2018-02-08T16:48:00.000",,"Active","BLRX"
"11719","A350-900","China Airlines","2017-11-11T00:50:00.000",,"Active","B-18902"
"11804","B737-900","Delta Air Lines","2018-01-08T10:56:00.000",,"Active","N888DU"
"11926","B787-9","United Airlines","2018-03-27T06:56:00.000",,"Active","N24972"
"4089","EMB-120","Skywest Airlines","2011-10-15T06:35:00.000","2017-10-25T08:05:00.000","Inactive","N586SW"
"2971","EMB-120","Skywest Airlines","2011-02-15T07:24:00.000","2017-10-25T07:59:00.000","Inactive","N270YV"
"11949","B787-9","United Airlines","2018-04-09T07:01:00.000",,"Active","N26970"
"47","B747-400","British Airways","2009-01-23T00:00:00.000",,"Active","GCIVV"
"11933","B737-800","Southwest Airlines","2018-03-30T21:28:00.000",,"Active","N8539"
"11724","A350-900","Cathay Pacific","2017-11-14T12:28:00.000","2018-03-06T15:53:00.000","Active","XXXX"
"11689","CRJ-900","Skywest Airlines","2017-10-25T08:26:00.000",,"Active","N554CA"
"40","B747-400","Asiana Airlines","2009-01-23T00:00:00.000",,"Active","HL2030"
"5741","EMB-120","Skywest Airlines","2012-08-30T08:48:00.000","2017-10-25T08:02:00.000","Inactive","N561SW"
"41","B747-400","Asiana Airlines","2009-01-23T00:00:00.000",,"Active","HL7414"
"42","B747-400","Asiana Airlines","2009-01-23T00:00:00.000",,"Active","HL7415"
"1217","B747-400","Qantas Airways","2009-06-11T21:18:00.000","2018-02-19T15:07:00.000","Active","VH-OEI"
"43","B747-400","Asiana Airlines","2009-01-23T00:00:00.000",,"Active","HL7419"
"11633","A321-200","American Airlines","2017-10-03T12:49:00.000",,"Active","N516UW"
"45","B747-400","Asiana Airlines","2009-01-23T00:00:00.000",,"Active","HL7426"
"44","B747-400","Asiana Airlines","2009-01-23T00:00:00.000",,"Active","HL7436"
"11965","B737-800","Alaska Airlines","2018-04-20T17:56:00.000",,"Active","N522AS"
"12052","B737-700","WestJet Airlines","2018-05-28T13:36:00.000",,"Active","C-FCNW"
"1723","EMB-120","Skywest Airlines","2009-11-01T06:03:00.000","2017-10-25T08:03:00.000","Inactive","N568SW"
"1832","EMB-120","Skywest Airlines","2009-12-13T06:12:00.000","2017-10-25T08:04:00.000","Inactive","N581SW"
"11471","B777-300","Cathay Pacific","2017-07-08T18:21:00.000","2018-03-06T15:51:00.000","Active","BKQE"
"12008","B787-9","KLM Royal Dutch Airlines","2018-05-16T19:32:00.000",,"Active","PHBHM"
"1909","EMB-120","Skywest Airlines","2010-01-12T06:07:00.000","2017-10-25T08:01:00.000","Inactive","N296SW"
"12004","B737-700","Southwest Airlines","2018-05-13T17:37:00.000",,"Active","N7865A"
"11922","B767-200","Amerijet","2018-03-25T18:20:00.000",,"Active","N986RA"
"11912","A330-200","American Airlines","2018-03-18T20:14:00.000",,"Active","N285AY"
"11641","B737-900","Alaska Airlines","2017-10-09T01:31:00.000",,"Active","N260AK"
"11916","A321-200","Delta Air Lines","2018-03-22T21:24:00.000",,"Active","N339DN"
"12064","CRJ-900","Air Canada","2018-06-07T04:48:00.000",,"Active","C-GDJZ"
"11725","A350-900","Cathay Pacific","2017-11-15T11:21:00.000",,"Active","BLRR"
"11759","B737-900","Alaska Airlines","2017-12-03T20:36:00.000",,"Active","N278AS"
"11712","B737-800","Alaska Airlines","2017-11-07T01:49:00.000","2017-11-07T01:52:00.000","Active","N508AS"
"1771","EMB-120","Skywest Airlines","2009-11-21T06:46:00.000","2017-10-25T08:04:00.000","Inactive","N585SK"
"12063","B737-900","Alaska Airlines","2018-06-07T02:57:00.000",,"Active","N283AK"
"1297","CRJ-200","Skywest Airlines","2009-07-02T14:54:00.000","2017-10-25T08:54:00.000","Inactive","N446SK"
"11857","A320-200","TACA","2018-02-21T04:18:00.000",,"Active","N496TA"
"11927","B737-900","Delta Air Lines","2018-03-27T21:08:00.000",,"Active","N892DN"
"11952","E175-","Skywest Airlines","2018-04-13T06:33:00.000",,"Active","N211SY"
"11828","A319-","TACA","2018-01-24T11:32:00.000",,"Active","N603AV"
"1179","CRJ-200","Skywest Airlines","2009-06-03T06:59:00.000","2017-10-25T08:24:00.000","Inactive","N988CA"
"11702","B737-900","Delta Air Lines","2017-11-01T10:28:00.000",,"Active","N880DN"
"11735","EMB-170","Skywest Airlines","2017-11-21T04:58:00.000",,"Active","N207SY"
"11928","B737-800","Southwest Airlines","2018-03-28T22:13:00.000",,"Active","N8631A"
"11506","A350-900","China Airlines","2017-07-28T15:05:00.000","2018-06-18T14:20:00.000","Active","B18901"
"5835","MD-90-30","Skywest Airlines","2012-09-27T20:31:00.000","2017-10-25T08:06:00.000","Inactive","N9222"
"11947","B777-300","Air France","2018-04-08T20:40:00.000",,"Active","FGZNA"
"11955","B737-700","Southwest Airlines","2018-04-13T18:16:00.000",,"Active","N231WN"
"11700","CRJ-200","Skywest Airlines","2017-10-31T05:30:00.000",,"Active","N904EV"
"11946","B737-700","Southwest Airlines","2018-04-08T18:12:00.000",,"Active","N7719A"
"11812","A350-900","Cathay Pacific","2018-01-17T16:59:00.000",,"Active","BLRS"
"11784","B737-900","Delta Air Lines","2017-12-22T07:42:00.000",,"Active","N885DN"
"11693","A350-900","Asiana Airlines","2017-10-28T15:05:00.000",,"Active","HL8078"
"11832","A321-200","Delta Air Lines","2018-01-28T22:59:00.000",,"Active","N322DN"
"4388","EMB-120","Skywest Airlines","2012-01-22T07:06:00.000","2017-10-25T08:04:00.000","Inactive","N584SW"
"11705","B767-400ER","Delta Air Lines","2017-11-02T10:06:00.000",,"Active","N831MH"
"11837","A321-200","WOW Air","2018-01-31T16:58:00.000",,"Active","TF-SKY"
"1267","CRJ-200","Skywest Airlines","2009-06-26T15:05:00.000","2017-10-25T08:10:00.000","Inactive","N455SK"
"11723","A350-900","Cathay Pacific","2017-11-12T11:41:00.000",,"Active","BLRK"
"5736","B737-900","Delta Air Lines","2012-08-26T20:04:00.000","2017-11-16T10:06:00.000","Active","N865DN"
"11834","B747-8F","Korean Air Lines","2018-01-30T19:48:00.000",,"Active","HL7639"
"11968","B737-800","Southwest Airlines","2018-04-21T16:03:00.000",,"Active","N8508W"
"11009","CRJ-900","Skywest Airlines","2016-12-21T15:36:00.000","2017-10-25T09:00:00.000","Inactive","N544SY"
"11732","EMB-170","Skywest Airlines","2017-11-19T22:25:00.000",,"Active","N161SY"
"11634","B777-300","EVA Airways","2017-10-03T17:51:00.000",,"Active","B16739"
"11778","B737-800","United Airlines","2017-12-17T10:11:00.000",,"Active","N3276"
"11744","B737-800","American Airlines","2017-11-23T07:46:00.000",,"Active","N955NN"
"11695","B767-400ER","Delta Air Lines","2017-10-29T11:10:00.000",,"Active","N839MH"
"11836","A321-200","Delta Air Lines","2018-01-31T03:24:00.000",,"Active","N326DN"
"2128","CRJ-900","Skywest Airlines","2010-04-07T17:38:00.000","2017-10-25T09:02:00.000","Inactive","N368AS"
"11805","E175-","Skywest Airlines","2018-01-08T10:59:00.000",,"Active","N261SY"
"2164","EMB-120","Skywest Airlines","2010-04-27T06:28:00.000","2017-10-25T08:04:00.000","Inactive","N585SW"
"10566","E175-","Skywest Airlines","2016-06-02T13:05:00.000","2017-10-25T09:04:00.000","Inactive","N157SW"
"11807","B777-300","Korean Air Lines","2018-01-12T12:04:00.000",,"Active","HL8275"
"1180","CRJ-200","Skywest Airlines","2009-06-03T07:02:00.000","2017-10-25T09:12:00.000","Inactive","N406SW"
"1802","B747-400","Qantas Airways","2009-12-01T21:16:00.000","2018-02-19T15:07:00.000","Active","VH-OJR"
"11915","B737-700","Southwest Airlines","2018-03-21T17:50:00.000",,"Active","N557WN"
"11684","B737-900","Delta Air Lines","2017-10-22T10:33:00.000",,"Active","N848DA"
"11642","B737-900","Alaska Airlines","2017-10-09T01:33:00.000",,"Active","N275AK"
"11715","A350-900","Cathay Pacific","2017-11-08T12:54:00.000",,"Active","BLRE"
"11886","B737-800","Sun Country Airlines","2018-03-06T17:13:00.000",,"Active","N813SY"
"11792","A330-200","American Airlines","2017-12-27T16:09:00.000",,"Active","N291AY"
"10310","B777-300","Cathay Pacific","2016-01-07T15:12:00.000","2018-03-06T15:50:00.000","Active","BKPY"
"11831","B737-900","Alaska Airlines","2018-01-26T21:08:00.000",,"Active","N284AK"
"11767","A340-300","Philippine Airlines","2017-12-11T16:20:00.000",,"Active","P3435"
"48","B747-400","Cargolux Airlines ","2009-01-23T00:00:00.000",,"Active","LXFCV"
"49","B747-400","Cargolux Airlines ","2009-01-23T00:00:00.000",,"Active","LXICV"
"50","B747-400","Cargolux Airlines ","2009-01-23T00:00:00.000",,"Active","LXKCV"
"51","B747-400","Cargolux Airlines ","2009-01-23T00:00:00.000",,"Active","LXLCV"
"52","B747-400","Cargolux Airlines ","2009-01-23T00:00:00.000",,"Active","LXMCV"
"53","B747-400","Cargolux Airlines ","2009-01-23T00:00:00.000",,"Active","LXNCV"
"54","B747-400","Cargolux Airlines ","2009-01-23T00:00:00.000",,"Active","LXOCV"
"55","B747-400","Cargolux Airlines ","2009-01-23T00:00:00.000",,"Active","LXPCV"
"56","B747-400","Cargolux Airlines ","2009-01-23T00:00:00.000",,"Active","LXRCV"
"57","B747-400","Cargolux Airlines ","2009-01-23T00:00:00.000",,"Active","LXSCV"
"58","B747-400","Cargolux Airlines ","2009-01-23T00:00:00.000",,"Active","LXTCV"
"59","B747-400","Cargolux Airlines ","2009-01-23T00:00:00.000",,"Active","LXUCV"
"5990","CRJ-900","Skywest Airlines","2012-10-25T15:38:00.000","2017-10-25T09:00:00.000","Inactive","N554SW"
"60","B747-400","Cargolux Airlines ","2009-01-23T00:00:00.000",,"Active","LXVCV"
"61","B747-400","Cargolux Airlines ","2009-01-23T00:00:00.000",,"Active","LXWCV"
"11638","B737-800","United Airlines","2017-10-08T06:39:00.000",,"Active","N25201"
"12005","B777-200","United Airlines","2018-05-15T06:28:00.000",,"Active","N889UA"
"11841","A350-900","Cathay Pacific","2018-02-05T05:25:00.000",,"Active","BLRU"
"6749","B747-8F","Cathay Pacific","2013-05-23T11:10:00.000","2018-03-06T15:52:00.000","Active","XX"
"1327","B747-400","Qantas Airways","2009-07-13T14:57:00.000","2018-02-19T15:06:00.000","Active","VH-OEB"
"11749","B737-900","Alaska Airlines","2017-11-25T20:55:00.000",,"Active","N474AS"
"927","CRJ-200","Skywest Airlines","2009-04-07T14:18:00.000","2017-10-25T10:11:00.000","Active","N459SW"
"1074","CRJ-200","Skywest Airlines","2009-05-15T14:49:00.000","2017-10-25T09:14:00.000","Active","459SW"
"11850","B737-800","Alaska Airlines","2018-02-14T19:48:00.000",,"Active","N580AS"
"10206","E175-","Skywest Airlines","2015-12-03T08:59:00.000","2017-10-25T09:04:00.000","Inactive","N150SW"
"11667","B737-800","Alaska Airlines","2017-10-20T20:17:00.000",,"Active","N557AS"
"11714","B737-900","Delta Air Lines","2017-11-08T10:27:00.000",,"Active","N993DN"
"4451","EMB-120","Skywest Airlines","2012-02-07T06:05:00.000","2017-10-25T08:02:00.000","Inactive","N563SW"
"1116","EMB-120","Skywest Airlines","2009-05-22T21:59:00.000","2017-10-25T10:40:00.000","Inactive","N251YV"
"8753","EMB-120","Skywest Airlines","2014-09-05T15:50:00.000","2017-10-25T08:03:00.000","Inactive","N567SW"
"11984","A320-200","Air Canada","2018-05-07T05:02:00.000",,"Active","CFDQQ"
"11923","B787-9","United Airlines","2018-03-26T06:38:00.000",,"Active","N24973"
"11785","A321-200","Virgin America","2017-12-22T19:03:00.000",,"Active","N921VA"
"11867","B737-800","Sun Country Airlines","2018-02-26T17:38:00.000",,"Active","PHHSA"
"937","EMB-120","Skywest Airlines","2009-04-11T21:16:00.000","2017-10-25T08:00:00.000","Inactive","N284YV"
"2865","EMB-120","Skywest Airlines","2010-12-18T07:08:00.000","2017-10-25T08:00:00.000","Inactive","N295SW"
"11665","B737-900","Alaska Airlines","2017-10-17T20:50:00.000",,"Active","N402AS"
"11711","B717-","Delta Air Lines","2017-11-06T14:23:00.000",,"Active","N921AT"
"11854","A321-200","Delta Air Lines","2018-02-18T22:23:00.000",,"Active","N333DX"
"11910","B737-800","Southwest Airlines","2018-03-17T17:19:00.000",,"Active","N8624J"
"4450","EMB-120","Skywest Airlines","2012-02-07T06:00:00.000","2017-10-25T08:02:00.000","Inactive","N565SW"
"11721","A350-900","Cathay Pacific","2017-11-11T12:24:00.000",,"Active","BLRD"
"11789","B737-800","American Airlines","2017-12-25T17:31:00.000",,"Active","3FN"
"11698","B767-400ER","Delta Air Lines","2017-10-30T13:00:00.000",,"Active","N840MH"
"11959","A340-300","SAS Airlines","2018-04-15T18:29:00.000","2018-04-15T18:34:00.000","Active","OY-KBD"
"11722","B737-900","Alaska Airlines","2017-11-11T21:36:00.000",,"Active","N248AS"
"10332","B717-","Delta Air Lines","2016-01-20T22:19:00.000","2017-11-13T16:15:00.000","Active","N993AT"
"11859","A320-200","TACA","2018-02-21T04:19:00.000",,"Active","N498TA"
"11775","B737-900","Alaska Airlines","2017-12-14T15:14:00.000",,"Active","N268AK"
"11758","A319-","Delta Air Lines","2017-12-03T01:27:00.000",,"Active","N335NB"
"11862","B737-900","Alaska Airlines","2018-02-22T16:18:00.000",,"Active","N273AK"
"12046","B737-700","Southwest Airlines","2018-05-23T19:28:00.000",,"Active","N7821L"
"4668","EMB-120","Skywest Airlines","2012-03-16T06:21:00.000","2017-10-25T08:01:00.000","Inactive","N297SW"
"1823","EMB-120","Skywest Airlines","2009-12-11T05:48:00.000","2017-10-25T08:00:00.000","Inactive","N292SW"
"10605","CRJ-200","Skywest Airlines","2016-06-17T13:23:00.000","2017-10-25T08:52:00.000","Inactive","N489CA"
"1210","B747-400","Qantas Airways","2009-06-11T02:45:00.000","2018-02-19T15:06:00.000","Active","VH-OEE"
"12067","B767-300","Delta Air Lines","2018-06-08T20:20:00.000",,"Active","N187DA"
"11697","B777-300","EVA Airways","2017-10-29T22:01:00.000",,"Active","B16740"
"11866","B777-300","Korean Air Lines","2018-02-26T15:41:00.000",,"Active","HL7530"
"12060","B737-800","Delta Air Lines","2018-06-02T20:07:00.000",,"Active","N775DE"
"11737","B737-900","Alaska Airlines","2017-11-22T20:41:00.000",,"Active","N481AS"
"11961","B737-700","Southwest Airlines","2018-04-17T16:00:00.000",,"Active","N7848A"
"11363","B777-300","EVA Airways","2017-05-02T19:33:00.000","2018-03-06T16:06:00.000","Active","XXXXX"
"12050","A330-300","Aer Lingus","2018-05-25T19:26:00.000",,"Active","EIGCF"
"11806","A340-300","Philippine Airlines","2018-01-10T16:57:00.000",,"Active","P3436"
"10378","B767-400ER","Delta Air Lines","2016-02-15T16:52:00.000","2017-12-13T07:52:00.000","Active","N826MH"
"11975","B737-700","Southwest Airlines","2018-04-29T21:52:00.000",,"Active","N7707C"
"11931","B747-400","Atlas Air, Inc","2018-03-30T07:03:00.000",,"Active","N404KZ"
"11849","B757-200","Delta Air Lines","2018-02-13T20:34:00.000",,"Active","N686DN"
"1705","EMB-120","Skywest Airlines","2009-10-25T08:47:00.000","2017-10-25T08:02:00.000","Inactive","N562SW"
"2670","CRJ-900","Skywest Airlines","2010-09-25T16:12:00.000","2017-10-25T09:05:00.000","Inactive","N4933S"
"11835","B737-900","Delta Air Lines","2018-01-30T20:22:00.000",,"Active","N318DN"
"11736","E175-","Skywest Airlines","2017-11-22T17:08:00.000",,"Active","N213SY"
"11808","A330-200","Air Pacific Limited dba Fiji Airways","2018-01-14T11:09:00.000",,"Active","DQ-FJU"
"11729","B737-900","Alaska Airlines","2017-11-17T22:11:00.000",,"Active","N247AQ"
"92","B767-300","Delta Air Lines","2009-01-23T00:00:00.000",,"Active","N121DL"
"1129","EMB-120","Skywest Airlines","2009-05-25T08:53:00.000","2017-10-25T08:06:00.000","Inactive","N951SW"
"11909","B737-900","Delta Air Lines","2018-03-16T22:24:00.000",,"Active","N890DN"
"11855","E175-","Alaska Airlines","2018-02-19T18:00:00.000",,"Active","N628QX"
"1426","B747-400","Qantas Airways","2009-08-10T11:29:00.000","2018-02-19T15:07:00.000","Active","VH-OEG"
"11756","A319-","Delta Air Lines","2017-12-02T12:34:00.000",,"Active","N335ND"
"10856","EMB-170","Skywest Airlines","2016-10-10T16:28:00.000","2017-10-25T08:56:00.000","Inactive","N612SY"
"1864","CRJ-700","Skywest Airlines","2009-12-23T18:09:00.000","2017-10-25T09:11:00.000","Inactive","N367SK"
"2186","CRJ-700","Skywest Airlines","2010-04-30T15:14:00.000","2017-10-25T08:57:00.000","Inactive","N440CA"
"11830","B787-9","United Airlines","2018-01-25T09:33:00.000",,"Active","N29971"
"11827","A320-200","TACA","2018-01-24T11:31:00.000",,"Active","N687TA"
"12053","B737-800","WestJet Airlines","2018-05-28T14:23:00.000",,"Active","CFCNW"
"11771","A321-200","Virgin America","2017-12-12T15:43:00.000",,"Active","N923VA"
"11944","B737-700","Southwest Airlines","2018-04-05T18:02:00.000",,"Active","N7836A"
"11839","A321-200","Delta Air Lines","2018-02-04T20:05:00.000",,"Active","N301DV"
"11703","A350-900","Cathay Pacific","2017-11-01T14:49:00.000",,"Active","BLRF"
"93","B767-300","Delta Air Lines","2009-01-23T00:00:00.000",,"Active","N124DL"
"11809","B737-900","Delta Air Lines","2018-01-15T06:39:00.000",,"Active","N884DN"
"765","EMB-120","Skywest Airlines","2009-01-29T12:26:00.000","2017-10-25T07:57:00.000","Inactive","N217SW"
"11954","B737-800","Southwest Airlines","2018-04-13T18:15:00.000",,"Active","N8609A"
"94","B767-300","Delta Air Lines","2009-01-23T00:00:00.000",,"Active","N125DL"
"2941","EMB-120","Skywest Airlines","2011-01-25T10:05:00.000","2017-10-25T07:59:00.000","Inactive","N237SW"
"11962","A320-200","TACA","2018-04-19T15:45:00.000",,"Active","N499TA"
"95","B767-300","Delta Air Lines","2009-01-23T00:00:00.000",,"Active","N126DL"
"11953","B737-700","Southwest Airlines","2018-04-13T18:14:00.000",,"Active","N7706A"
"96","B767-300","Delta Air Lines","2009-01-23T00:00:00.000",,"Active","N127DL"
"11887","B737-800","Alaska Airlines","2018-03-06T17:19:00.000",,"Active","N558AS"
"11777","A321-200","Virgin America","2017-12-17T02:32:00.000",,"Active","N925VA"
"10646","CRJ-700","Skywest Airlines","2016-07-09T05:56:00.000","2017-10-25T08:57:00.000","Inactive","N711SK"
"97","B767-300","Delta Air Lines","2009-01-23T00:00:00.000",,"Active","N128DL"
"11810","B777-300","Korean Air Lines","2018-01-15T08:36:00.000",,"Active","HL7783"
"9272","B747-400","China Airlines","2015-03-06T20:58:00.000","2018-06-18T14:21:00.000","Active","B18701"
"11707","B737-900","Alaska Airlines","2017-11-02T20:13:00.000",,"Active","N273AS"
"98","B767-300","Delta Air Lines","2009-01-23T00:00:00.000",,"Active","N129DL"
"99","B767-300","Delta Air Lines","2009-01-23T00:00:00.000",,"Active","N130DL"
"11646","B777-300","Cathay Pacific","2017-10-12T14:18:00.000",,"Active","BKQA"
"11799","A350-900","Cathay Pacific","2018-01-04T11:59:00.000","2018-03-06T15:53:00.000","Active","BLRP"
"2163","EMB-120","Skywest Airlines","2010-04-27T06:25:00.000","2017-10-25T07:58:00.000","Inactive","N234SW"
"12061","B767-300","Pacific Aviation","2018-06-05T14:56:00.000",,"Active","TFISP"
"100","B767-300","Delta Air Lines","2009-01-23T00:00:00.000",,"Active","N131DL"
"9116","EMB-120","Skywest Airlines","2015-01-07T16:48:00.000","2017-10-25T08:01:00.000","Inactive","N298SW"
"12055","B737-700","Southwest Airlines","2018-05-30T19:12:00.000",,"Active","N7704B"
"1550","CRJ-700","Skywest Airlines","2009-09-11T16:35:00.000","2017-10-25T09:11:00.000","Inactive","N368CA"
"101","B767-300","Delta Air Lines","2009-01-23T00:00:00.000",,"Active","N132DL"
"11761","B737-900","Alaska Airlines","2017-12-05T01:37:00.000",,"Active","N277AK"
"102","B767-300","Delta Air Lines","2009-01-23T00:00:00.000",,"Active","N133DL"
"11951","B787-9","United Airlines","2018-04-11T08:25:00.000",,"Active","N24974"
"11687","C99","DHL Express (USA)","2017-10-24T07:45:00.000",,"Active","N9766B"
"103","B767-300","Delta Air Lines","2009-01-23T00:00:00.000",,"Active","N134DL"
"3106","CRJ-200","Skywest Airlines","2011-03-18T09:07:00.000","2017-10-25T08:51:00.000","Inactive","N679SW"
"104","B767-300","Delta Air Lines","2009-01-23T00:00:00.000",,"Active","N135DL"
"11921","A350-900","Cathay Pacific","2018-03-25T17:54:00.000",,"Active","BLRT"
"12006","B737-700","Southwest Airlines","2018-05-15T17:36:00.000",,"Active","N7824A"
"11978","E175-","Horizon Air ","2018-05-01T21:18:00.000",,"Active","N632QX"
"11760","B737-900","Alaska Airlines","2017-12-04T22:46:00.000",,"Active","N413AS"
"2430","B747-400","Qantas Airways","2010-07-07T11:36:00.000","2018-02-19T15:08:00.000","Active","VH-OJF"
"11640","B737-900","Alaska Airlines","2017-10-08T20:35:00.000",,"Active","N237AS"
"106","B767-300","Delta Air Lines","2009-01-23T00:00:00.000",,"Active","N137DL"
"12047","A330-300","Aer Lingus","2018-05-23T22:21:00.000",,"Active","EI-GAJ"
"11976","A319-","United Airlines","2018-05-01T07:24:00.000",,"Active","N829UA"
"108","B767-300","Delta Air Lines","2009-01-23T00:00:00.000",,"Active","N139DL"
"11906","A320-200","Virgin America","2018-03-10T22:21:00.000",,"Active","N834VA"
"11733","B737-800","Sun Country Airlines","2017-11-19T22:29:00.000",,"Active","N804SY"
"11872","E175-","Skywest Airlines","2018-03-02T17:05:00.000",,"Active","N165SY"
"4673","EMB-120","Skywest Airlines","2012-03-17T07:41:00.000","2017-10-25T08:03:00.000","Inactive","N569SW"
"11635","B737-800","Alaska Airlines","2017-10-05T21:08:00.000",,"Active","N568AS"
"11969","B747-8F","Korean Air Lines","2018-04-22T16:30:00.000",,"Active","HL-7642"
"4946","CRJ-200","Skywest Airlines","2012-04-28T16:38:00.000","2017-10-25T08:51:00.000","Inactive","N693SK"
"1824","EMB-120","Skywest Airlines","2009-12-11T05:50:00.000","2017-10-25T08:01:00.000","Inactive","N299SW"
"11974","A350-900","Asiana Airlines","2018-04-29T17:35:00.000","2018-04-29T17:36:00.000","Active","HL7771"
"11918","B787-9","Korean Air Lines","2018-03-24T15:18:00.000",,"Active","HL8084"
"11917","B767-200","Amerijet","2018-03-23T19:08:00.000",,"Active","N741AX"
"11964","A320-200","TACA","2018-04-19T15:47:00.000",,"Active","N493TA"
"2866","EMB-120","Skywest Airlines","2010-12-18T09:26:00.000","2017-10-25T08:04:00.000","Inactive","N582SW"
"1182","CRJ-200","Skywest Airlines","2009-06-03T17:41:00.000","2017-10-25T09:13:00.000","Inactive","N409SW"
"11645","B777-300","Japan Airlines","2017-10-11T20:03:00.000",,"Active","JA735J"
"1450","CRJ-200","Skywest Airlines","2009-08-19T16:43:00.000","2017-10-25T09:13:00.000","Inactive","N408SK"
"1286","B747-400","Qantas Airways","2009-06-29T15:14:00.000","2018-02-19T15:08:00.000","Active","VH-OJK"
"7112","CRJ-200","United Airlines","2013-06-27T16:06:00.000","2017-10-25T08:21:00.000","Inactive","N701BR"
"11932","B787-9","Korean Air Lines","2018-03-30T14:36:00.000","2018-03-30T14:36:00.000","Active","HL8085"
"11983","B737-800","Alaska Airlines","2018-05-07T01:57:00.000",,"Active","N565AS"
"969","EMB-120","Skywest Airlines","2009-04-21T21:41:00.000","2017-10-25T10:40:00.000","Inactive","N244YV"
"10905","A330-300","WOW Air","2016-11-01T21:54:00.000","2017-12-27T16:01:00.000","Active","TF-LUV"
"9713","B717-","Delta Air Lines","2015-08-15T16:32:00.000","2017-12-06T19:30:00.000","Active","N994AT"
"1629","CRJ-700","Delta Air Lines","2009-10-09T16:48:00.000","2017-10-25T09:11:00.000","Active","N367CA"
"11982","B737-800","Southwest Airlines","2018-05-05T15:49:00.000",,"Active","N8602F"
"11885","B747-8F","Nippon Cargo Airlines","2018-03-06T10:10:00.000",,"Active","JA15KZ"
"11973","B737-700","Southwest Airlines","2018-04-28T16:24:00.000",,"Active","N760SW"
"12044","B737-800","United Airlines","2018-05-22T06:49:00.000",,"Active","N27246"
"11738","B767-400ER","Delta Air Lines","2017-11-22T20:52:00.000",,"Active","N835MH"
"2429","B747-400","Qantas Airways","2010-07-07T11:36:00.000","2018-02-19T15:08:00.000","Active","VH-OJE"
"2056","EMB-120","Skywest Airlines","2010-02-26T06:56:00.000","2017-10-25T07:59:00.000","Inactive","N271YV"
"11950","A319-","United Airlines","2018-04-09T09:10:00.000",,"Active","N803UA"
"11814","B737-900","Delta Air Lines","2018-01-18T05:57:00.000",,"Active","N887DN"
"11825","A321-200","Delta Air Lines","2018-01-22T08:30:00.000",,"Active","N329DN"
"11858","A320-200","TACA","2018-02-21T04:18:00.000",,"Active","N524TA"
"11484","B747-400","Korean Air Lines","2017-07-23T07:44:00.000","2018-03-05T15:15:00.000","Active","HL7601"
"11727","B767-400ER","Delta Air Lines","2017-11-16T10:20:00.000",,"Active","N842MH"
"6041","CRJ-900","Skywest Airlines","2012-11-14T18:46:00.000","2017-10-25T09:01:00.000","Inactive","N636SK"
"9380","EMB-170","Skywest Airlines","2015-04-08T13:45:00.000","2017-10-25T08:55:00.000","Inactive","N120SJ"
"11726","B767-400ER","Delta Air Lines","2017-11-15T11:35:00.000",,"Active","N833MH"
"4444","CRJ-200","Skywest Airlines","2012-02-02T14:28:00.000","2017-10-25T09:12:00.000","Inactive","N403SK"
"12059","E175-","Skywest Airlines","2018-06-01T20:04:00.000",,"Active","N200SY"
"11904","B737-800","Southwest Airlines","2018-03-10T18:12:00.000",,"Active","N8502Z"
"11963","A320-200","TACA","2018-04-19T15:46:00.000",,"Active","N689TA"
"11907","A350-900","Singapore Airlines","2018-03-14T12:58:00.000",,"Active","9VSMR"
"11908","B737-900","United Airlines","2018-03-15T07:37:00.000",,"Active","N68842"
"11664","B737-900","Alaska Airlines","2017-10-17T20:49:00.000",,"Active","N267AS"
"12049","A330-200","Hawaiian Airlines","2018-05-25T05:45:00.000",,"Active","N399HA"
"11755","B737-900","Alaska Airlines","2017-11-29T20:46:00.000",,"Active","N248AQ"
"11905","B717-","Delta Air Lines","2018-03-10T21:27:00.000",,"Active","N917AT"
"11861","E175-","Compass Airlines","2018-02-21T20:16:00.000",,"Active","N650CZ"
"11720","B767-400ER","Delta Air Lines","2017-11-11T06:25:00.000",,"Active","N942MH"
"109","B767-300","Delta Air Lines","2009-01-23T00:00:00.000",,"Active","N1602"
"11636","B777-300","Korean Air Lines","2017-10-06T12:46:00.000",,"Active","HL8008"
"11847","B737-900","Delta Air Lines","2018-02-12T02:56:00.000",,"Active","N883DN"
"11710","B777-300","United Airlines","2017-11-06T06:56:00.000",,"Active","N2243U"
"11769","B737-800","United Airlines","2017-12-12T07:31:00.000",,"Active","N13227"
"1080","EMB-120","Skywest Airlines","2009-05-16T19:29:00.000","2017-10-25T08:03:00.000","Inactive","N578SW"
"11986","B777-300","China Airlines","2018-05-10T05:35:00.000",,"Active","B18051"
"3104","EMB-120","Skywest Airlines","2011-03-18T08:50:00.000","2017-10-25T08:00:00.000","Inactive","N290SW"
"11688","B737-800","Alaska Airlines","2017-10-24T19:37:00.000",,"Active","N590AS"
"11865","B737-800","Alaska Airlines","2018-02-26T15:24:00.000",,"Active","N533AS"
"10375","B777-300","Cathay Pacific","2016-02-11T12:41:00.000","2018-03-06T15:50:00.000","Active","BHNR"
"860","CRJ-200","Skywest Airlines","2009-03-18T14:27:00.000","2017-10-25T08:49:00.000","Inactive","N410SW"
"3105","EMB-120","Skywest Airlines","2011-03-18T08:51:00.000","2017-10-25T08:00:00.000","Inactive","N291SW"
"1720","EMB-120","Skywest Airlines","2009-10-30T08:42:00.000","2017-10-25T07:57:00.000","Inactive","N217UE"
"11788","B747-400","Asiana Airlines","2017-12-25T16:38:00.000",,"Active","HL7423"
"11797","B737-900","Delta Air Lines","2018-01-02T14:32:00.000",,"Active","N886DN"
"11977","B757-200","Delta Air Lines","2018-05-01T20:30:00.000",,"Active","N864DA"
"2428","B747-400","Qantas Airways","2010-07-07T11:35:00.000","2018-02-19T15:07:00.000","Active","VH-OJB"
"837","CRJ-200","Skywest Airlines","2009-03-14T14:17:00.000","2017-10-25T08:22:00.000","Active","N440SW"
"10985","A330-300","WOW Air","2016-12-11T21:24:00.000","2017-11-27T17:17:00.000","Active","TF-WOW"
"11948","A380-800","Emirates ","2018-04-08T22:02:00.000",,"Active","A6EEV"
"11890","B737-800","Alaska Airlines","2018-03-08T15:51:00.000",,"Active","N587AS"
"2057","EMB-120","Skywest Airlines","2010-02-26T06:58:00.000","2017-10-25T08:03:00.000","Inactive","N579SW"
"11754","B757-200","Delta Air Lines","2017-11-27T17:32:00.000",,"Active","N684DN"
"110","B767-300","Delta Air Lines","2009-01-23T00:00:00.000",,"Active","N184DN"
"111","B767-300","Delta Air Lines","2009-01-23T00:00:00.000",,"Active","N198DN"
"255","B737-700","Southwest Airlines","2009-01-23T00:00:00.000",,"Active","N200WN"
"256","B737-700","Southwest Airlines","2009-01-23T00:00:00.000",,"Active","N201LV"
"257","B737-700","Southwest Airlines","2009-01-23T00:00:00.000",,"Active","N202WN"
"258","B737-700","Southwest Airlines","2009-01-23T00:00:00.000",,"Active","N203WN"
"259","B737-700","Southwest Airlines","2009-01-23T00:00:00.000",,"Active","N204WN"
"260","B737-700","Southwest Airlines","2009-01-23T00:00:00.000",,"Active","N205WN"
"261","B737-700","Southwest Airlines","2009-01-23T00:00:00.000",,"Active","N206WN"
"36","MD-82","American Airlines","2009-01-23T00:00:00.000",,"Active","N207AA"
"262","B737-700","Southwest Airlines","2009-01-23T00:00:00.000",,"Active","N207WN"
"263","B737-700","Southwest Airlines","2009-01-23T00:00:00.000",,"Active","N209WN"
"264","B737-700","Southwest Airlines","2009-01-23T00:00:00.000",,"Active","N211WN"
"265","B737-700","Southwest Airlines","2009-01-23T00:00:00.000",,"Active","N212WN"
"266","B737-700","Southwest Airlines","2009-01-23T00:00:00.000",,"Active","N213WN"
"267","B737-700","Southwest Airlines","2009-01-23T00:00:00.000",,"Active","N214WN"
"268","B737-700","Southwest Airlines","2009-01-23T00:00:00.000",,"Active","N215WN"
"269","B737-700","Southwest Airlines","2009-01-23T00:00:00.000",,"Active","N216WR"
"270","B737-700","Southwest Airlines","2009-01-23T00:00:00.000",,"Active","N217JC"
"271","B737-700","Southwest Airlines","2009-01-23T00:00:00.000",,"Active","N217WN"
"272","B737-700","Southwest Airlines","2009-01-23T00:00:00.000",,"Active","N218WN"
"273","B737-700","Southwest Airlines","2009-01-23T00:00:00.000",,"Active","N219WN"
"274","B737-700","Southwest Airlines","2009-01-23T00:00:00.000",,"Active","N220WN"
"275","B737-700","Southwest Airlines","2009-01-23T00:00:00.000",,"Active","N223WN"
"276","B737-700","Southwest Airlines","2009-01-23T00:00:00.000",,"Active","N224WN"
"277","B737-700","Southwest Airlines","2009-01-23T00:00:00.000",,"Active","N225WN"
"278","B737-700","Southwest Airlines","2009-01-23T00:00:00.000",,"Active","N226WN"
"279","B737-700","Southwest Airlines","2009-01-23T00:00:00.000",,"Active","N227WN"
"280","B737-700","Southwest Airlines","2009-01-23T00:00:00.000",,"Active","N228WN"
"281","B737-700","Southwest Airlines","2009-01-23T00:00:00.000",,"Active","N230WN"
"282","B737-700","Southwest Airlines","2009-01-23T00:00:00.000",,"Active","N232WN"
"283","B737-700","Southwest Airlines","2009-01-23T00:00:00.000",,"Active","N233WN"
"284","B737-700","Southwest Airlines","2009-01-23T00:00:00.000",,"Active","N234WN"
"285","B737-700","Southwest Airlines","2009-01-23T00:00:00.000",,"Active","N235WN"
"287","B737-700","Southwest Airlines","2009-01-23T00:00:00.000",,"Active","N237WN"
"288","B737-700","Southwest Airlines","2009-01-23T00:00:00.000",,"Active","N238WN"
"289","B737-700","Southwest Airlines","2009-01-23T00:00:00.000",,"Active","N239WN"
"290","B737-700","Southwest Airlines","2009-01-23T00:00:00.000",,"Active","N240WN"
"291","B737-700","Southwest Airlines","2009-01-23T00:00:00.000",,"Active","N243WN"
"292","B737-700","Southwest Airlines","2009-01-23T00:00:00.000",,"Active","N244WN"
"293","B737-700","Southwest Airlines","2009-01-23T00:00:00.000",,"Active","N245WN"
"294","B737-700","Southwest Airlines","2009-01-23T00:00:00.000",,"Active","N246LV"
"295","B737-700","Southwest Airlines","2009-01-23T00:00:00.000",,"Active","N247WN"
"296","B737-700","Southwest Airlines","2009-01-23T00:00:00.000",,"Active","N249WN"
"297","B737-700","Southwest Airlines","2009-01-23T00:00:00.000",,"Active","N250WN"
"298","B737-700","Southwest Airlines","2009-01-23T00:00:00.000",,"Active","N251WN"
"299","B737-700","Southwest Airlines","2009-01-23T00:00:00.000",,"Active","N252SW"
"300","B737-700","Southwest Airlines","2009-01-23T00:00:00.000",,"Active","N252WN"
"301","B737-700","Southwest Airlines","2009-01-23T00:00:00.000",,"Active","N254WN"
"303","B737-700","Southwest Airlines","2009-01-23T00:00:00.000",,"Active","N256WN"
"304","B737-700","Southwest Airlines","2009-01-23T00:00:00.000",,"Active","N257WN"
"305","B737-700","Southwest Airlines","2009-01-23T00:00:00.000",,"Active","N260WN"
"306","B737-700","Southwest Airlines","2009-01-23T00:00:00.000",,"Active","N264LV"
"307","B737-700","Southwest Airlines","2009-01-23T00:00:00.000",,"Active","N265WN"
"308","B737-700","Southwest Airlines","2009-01-23T00:00:00.000",,"Active","N266WN"
"309","B737-700","Southwest Airlines","2009-01-23T00:00:00.000",,"Active","N267WN"
"311","B737-700","Southwest Airlines","2009-01-23T00:00:00.000",,"Active","N270WN"
"312","B737-700","Southwest Airlines","2009-01-23T00:00:00.000",,"Active","N272WN"
"313","B737-700","Southwest Airlines","2009-01-23T00:00:00.000",,"Active","N274WN"
"314","B737-700","Southwest Airlines","2009-01-23T00:00:00.000",,"Active","N275WN"
"315","B737-700","Southwest Airlines","2009-01-23T00:00:00.000",,"Active","N276WN"
"316","B737-700","Southwest Airlines","2009-01-23T00:00:00.000",,"Active","N278WN"
"317","B737-700","Southwest Airlines","2009-01-23T00:00:00.000",,"Active","N279WN"
"318","B737-700","Southwest Airlines","2009-01-23T00:00:00.000",,"Active","N280WN"
"319","B737-700","Southwest Airlines","2009-01-23T00:00:00.000",,"Active","N282WN"
"320","B737-700","Southwest Airlines","2009-01-23T00:00:00.000",,"Active","N286WN"
"321","B737-700","Southwest Airlines","2009-01-23T00:00:00.000",,"Active","N287WN"
"322","B737-700","Southwest Airlines","2009-01-23T00:00:00.000",,"Active","N288WN"
"323","B737-700","Southwest Airlines","2009-01-23T00:00:00.000",,"Active","N289CT"
"324","B737-700","Southwest Airlines","2009-01-23T00:00:00.000",,"Active","N290WN"
"325","B737-700","Southwest Airlines","2009-01-23T00:00:00.000",,"Active","N291WN"
"326","B737-700","Southwest Airlines","2009-01-23T00:00:00.000",,"Active","N292WN"
"327","B737-700","Southwest Airlines","2009-01-23T00:00:00.000",,"Active","N293WN"
"328","B737-700","Southwest Airlines","2009-01-23T00:00:00.000",,"Active","N294WN"
"329","B737-700","Southwest Airlines","2009-01-23T00:00:00.000",,"Active","N295WN"
"330","B737-700","Southwest Airlines","2009-01-23T00:00:00.000",,"Active","N296WN"
"14","B737-900","Alaska Airlines","2009-01-23T00:00:00.000",,"Active","N307AS"
"15","B737-900","Alaska Airlines","2009-01-23T00:00:00.000",,"Active","N315AS"
"16","B737-900","Alaska Airlines","2009-01-23T00:00:00.000",,"Active","N319AS"
"331","B737-300","Southwest Airlines","2009-01-23T00:00:00.000",,"Active","N336SW"
"332","B737-300","Southwest Airlines","2009-01-23T00:00:00.000",,"Active","N341SW"
"333","B737-300","Southwest Airlines","2009-01-23T00:00:00.000",,"Active","N350SW"
"334","B737-300","Southwest Airlines","2009-01-23T00:00:00.000",,"Active","N353SW"
"335","B737-300","Southwest Airlines","2009-01-23T00:00:00.000",,"Active","N354SW"
"336","B737-300","Southwest Airlines","2009-01-23T00:00:00.000",,"Active","N356SW"
"37","B767-300","American Airlines","2009-01-23T00:00:00.000",,"Active","N367AN"
"337","B737-300","Southwest Airlines","2009-01-23T00:00:00.000",,"Active","N368SW"
"338","B737-300","Southwest Airlines","2009-01-23T00:00:00.000",,"Active","N372SW"
"112","B737-800","Delta Air Lines","2009-01-23T00:00:00.000",,"Active","N3731T"
"114","B737-800","Delta Air Lines","2009-01-23T00:00:00.000",,"Active","N3733Z"
"115","B737-800","Delta Air Lines","2009-01-23T00:00:00.000",,"Active","N3734B"
"118","B737-800","Delta Air Lines","2009-01-23T00:00:00.000",,"Active","N3737"
"120","B737-800","Delta Air Lines","2009-01-23T00:00:00.000",,"Active","N3739"
"121","B737-800","Delta Air Lines","2009-01-23T00:00:00.000",,"Active","N3740"
"125","B737-800","Delta Air Lines","2009-01-23T00:00:00.000",,"Active","N3744"
"126","B737-800","Delta Air Lines","2009-01-23T00:00:00.000",,"Active","N3745"
"127","B737-800","Delta Air Lines","2009-01-23T00:00:00.000",,"Active","N3746"
"131","B737-800","Delta Air Lines","2009-01-23T00:00:00.000",,"Active","N3750"
"133","B737-800","Delta Air Lines","2009-01-23T00:00:00.000",,"Active","N3753"
"136","B737-800","Delta Air Lines","2009-01-23T00:00:00.000",,"Active","N3756"
"138","B737-800","Delta Air Lines","2009-01-23T00:00:00.000",,"Active","N3758"
"139","B737-800","Delta Air Lines","2009-01-23T00:00:00.000",,"Active","N3759"
"144","B737-800","Delta Air Lines","2009-01-23T00:00:00.000",,"Active","N3764"
"145","B737-800","Delta Air Lines","2009-01-23T00:00:00.000",,"Active","N3765"
"146","B737-800","Delta Air Lines","2009-01-23T00:00:00.000",,"Active","N3766"
"147","B737-800","Delta Air Lines","2009-01-23T00:00:00.000",,"Active","N3767"
"148","B737-800","Delta Air Lines","2009-01-23T00:00:00.000",,"Active","N3768"
"150","B737-800","Delta Air Lines","2009-01-23T00:00:00.000",,"Active","N3770"
"38","B767-300","American Airlines","2009-01-23T00:00:00.000",,"Active","N378AN"
"152","B737-800","Delta Air Lines","2009-01-23T00:00:00.000",,"Active","N396DA"
"339","B737-700","Southwest Airlines","2009-01-23T00:00:00.000",,"Active","N400WN"
"340","B737-700","Southwest Airlines","2009-01-23T00:00:00.000",,"Active","N403WN"
"341","B737-700","Southwest Airlines","2009-01-23T00:00:00.000",,"Active","N404WN"
"342","B737-700","Southwest Airlines","2009-01-23T00:00:00.000",,"Active","N405WN"
"343","B737-700","Southwest Airlines","2009-01-23T00:00:00.000",,"Active","N407WN"
"344","B737-700","Southwest Airlines","2009-01-23T00:00:00.000",,"Active","N408WN"
"345","B737-700","Southwest Airlines","2009-01-23T00:00:00.000",,"Active","N409WN"
"347","B737-700","Southwest Airlines","2009-01-23T00:00:00.000",,"Active","N411WN"
"348","B737-700","Southwest Airlines","2009-01-23T00:00:00.000",,"Active","N412WN"
"349","B737-700","Southwest Airlines","2009-01-23T00:00:00.000",,"Active","N413WN"
"350","B737-700","Southwest Airlines","2009-01-23T00:00:00.000",,"Active","N414WN"
"351","B737-700","Southwest Airlines","2009-01-23T00:00:00.000",,"Active","N415WN"
"352","B737-700","Southwest Airlines","2009-01-23T00:00:00.000",,"Active","N416WN"
"353","B737-700","Southwest Airlines","2009-01-23T00:00:00.000",,"Active","N417WN"
"354","B737-700","Southwest Airlines","2009-01-23T00:00:00.000",,"Active","N418WN"
"46","B747-400","Asiana Airlines","2009-01-23T00:00:00.000",,"Active","N419MC"
"355","B737-700","Southwest Airlines","2009-01-23T00:00:00.000",,"Active","N419WN"
"357","B737-700","Southwest Airlines","2009-01-23T00:00:00.000",,"Active","N421LV"
"358","B737-700","Southwest Airlines","2009-01-23T00:00:00.000",,"Active","N421WN"
"359","B737-700","Southwest Airlines","2009-01-23T00:00:00.000",,"Active","N422WN"
"360","B737-700","Southwest Airlines","2009-01-23T00:00:00.000",,"Active","N423WN"
"361","B737-700","Southwest Airlines","2009-01-23T00:00:00.000",,"Active","N425LV"
"362","B737-700","Southwest Airlines","2009-01-23T00:00:00.000",,"Active","N426WN"
"363","B737-700","Southwest Airlines","2009-01-23T00:00:00.000",,"Active","N427SW"
"364","B737-700","Southwest Airlines","2009-01-23T00:00:00.000",,"Active","N427WN"
"365","B737-700","Southwest Airlines","2009-01-23T00:00:00.000",,"Active","N429WN"
"366","B737-700","Southwest Airlines","2009-01-23T00:00:00.000",,"Active","N430WN"
"367","B737-700","Southwest Airlines","2009-01-23T00:00:00.000",,"Active","N431WN"
"368","B737-700","Southwest Airlines","2009-01-23T00:00:00.000",,"Active","N432WN"
"369","B737-700","Southwest Airlines","2009-01-23T00:00:00.000",,"Active","N434WN"
"370","B737-700","Southwest Airlines","2009-01-23T00:00:00.000",,"Active","N435WN"
"371","B737-700","Southwest Airlines","2009-01-23T00:00:00.000",,"Active","N437WN"
"372","B737-700","Southwest Airlines","2009-01-23T00:00:00.000",,"Active","N438WN"
"373","B737-700","Southwest Airlines","2009-01-23T00:00:00.000",,"Active","N439WN"
"374","B737-700","Southwest Airlines","2009-01-23T00:00:00.000",,"Active","N440LV"
"375","B737-700","Southwest Airlines","2009-01-23T00:00:00.000",,"Active","N441WN"
"377","B737-700","Southwest Airlines","2009-01-23T00:00:00.000",,"Active","N445WN"
"378","B737-700","Southwest Airlines","2009-01-23T00:00:00.000",,"Active","N446WN"
"379","B737-700","Southwest Airlines","2009-01-23T00:00:00.000",,"Active","N449WN"
"380","B737-700","Southwest Airlines","2009-01-23T00:00:00.000",,"Active","N451WN"
"381","B737-700","Southwest Airlines","2009-01-23T00:00:00.000",,"Active","N453WN"
"382","B737-700","Southwest Airlines","2009-01-23T00:00:00.000",,"Active","N454WN"
"383","B737-700","Southwest Airlines","2009-01-23T00:00:00.000",,"Active","N457WN"
"385","B737-700","Southwest Airlines","2009-01-23T00:00:00.000",,"Active","N459WN"
"386","B737-700","Southwest Airlines","2009-01-23T00:00:00.000",,"Active","N460WN"
"387","B737-700","Southwest Airlines","2009-01-23T00:00:00.000",,"Active","N461WN"
"389","B737-700","Southwest Airlines","2009-01-23T00:00:00.000",,"Active","N467WN"
"390","B737-700","Southwest Airlines","2009-01-23T00:00:00.000",,"Active","N468WN"
"391","B737-700","Southwest Airlines","2009-01-23T00:00:00.000",,"Active","N469WN"
"392","B737-700","Southwest Airlines","2009-01-23T00:00:00.000",,"Active","N472WN"
"394","B737-700","Southwest Airlines","2009-01-23T00:00:00.000",,"Active","N481WN"
"395","B737-700","Southwest Airlines","2009-01-23T00:00:00.000",,"Active","N482WN"
"396","B737-700","Southwest Airlines","2009-01-23T00:00:00.000",,"Active","N483WN"
"397","B737-700","Southwest Airlines","2009-01-23T00:00:00.000",,"Active","N484WN"
"39","MD-82","American Airlines","2009-01-23T00:00:00.000",,"Active","N485AA"
"398","B737-700","Southwest Airlines","2009-01-23T00:00:00.000",,"Active","N485WN"
"399","B737-700","Southwest Airlines","2009-01-23T00:00:00.000",,"Active","N486WN"
"400","B737-700","Southwest Airlines","2009-01-23T00:00:00.000",,"Active","N487WN"
"401","B737-700","Southwest Airlines","2009-01-23T00:00:00.000",,"Active","N488WN"
"402","B737-700","Southwest Airlines","2009-01-23T00:00:00.000",,"Active","N491WN"
"403","B737-700","Southwest Airlines","2009-01-23T00:00:00.000",,"Active","N492WN"
"404","B737-700","Southwest Airlines","2009-01-23T00:00:00.000",,"Active","N493WN"
"405","B737-700","Southwest Airlines","2009-01-23T00:00:00.000",,"Active","N495WN"
"406","B737-700","Southwest Airlines","2009-01-23T00:00:00.000",,"Active","N496WN"
"407","B737-700","Southwest Airlines","2009-01-23T00:00:00.000",,"Active","N498WN"
"408","B737-700","Southwest Airlines","2009-01-23T00:00:00.000",,"Active","N499WN"
"409","B737-500","Southwest Airlines","2009-01-23T00:00:00.000",,"Active","N501SW"
"411","B737-500","Southwest Airlines","2009-01-23T00:00:00.000",,"Active","N504SW"
"412","B737-500","Southwest Airlines","2009-01-23T00:00:00.000",,"Active","N505WN"
"413","B737-500","Southwest Airlines","2009-01-23T00:00:00.000",,"Active","N512SW"
"414","B737-500","Southwest Airlines","2009-01-23T00:00:00.000",,"Active","N513SW"
"415","B737-500","Southwest Airlines","2009-01-23T00:00:00.000",,"Active","N519SW"
"416","B737-500","Southwest Airlines","2009-01-23T00:00:00.000",,"Active","N520SW"
"417","B737-500","Southwest Airlines","2009-01-23T00:00:00.000",,"Active","N522SW"
"418","B737-500","Southwest Airlines","2009-01-23T00:00:00.000",,"Active","N523SW"
"419","B737-500","Southwest Airlines","2009-01-23T00:00:00.000",,"Active","N526SW"
"17","B737-800","Alaska Airlines","2009-01-23T00:00:00.000",,"Active","N553AS"
"242","B767-300","Hawaiian Airlines","2009-01-23T00:00:00.000",,"Active","N580HA"
"243","B767-300","Hawaiian Airlines","2009-01-23T00:00:00.000",,"Active","N581HA"
"244","B767-300","Hawaiian Airlines","2009-01-23T00:00:00.000",,"Active","N582HA"
"245","B767-300","Hawaiian Airlines","2009-01-23T00:00:00.000",,"Active","N594HA"
"246","B767-300","Hawaiian Airlines","2009-01-23T00:00:00.000",,"Active","N596HA"
"247","B767-300","Hawaiian Airlines","2009-01-23T00:00:00.000",,"Active","N597HA"
"248","B767-300","Hawaiian Airlines","2009-01-23T00:00:00.000",,"Active","N598HA"
"420","B737-300","Southwest Airlines","2009-01-23T00:00:00.000",,"Active","N606SW"
"421","B737-300","Southwest Airlines","2009-01-23T00:00:00.000",,"Active","N612SW"
"18","B737-700","Alaska Airlines","2009-01-23T00:00:00.000",,"Active","N615AS"
"422","B737-300","Southwest Airlines","2009-01-23T00:00:00.000",,"Active","N618WN"
"19","B737-700","Alaska Airlines","2009-01-23T00:00:00.000",,"Active","N619AS"
"423","B737-300","Southwest Airlines","2009-01-23T00:00:00.000",,"Active","N619SW"
"424","B737-300","Southwest Airlines","2009-01-23T00:00:00.000",,"Active","N629SW"
"425","B737-300","Southwest Airlines","2009-01-23T00:00:00.000",,"Active","N631SW"
"154","B757-200","Delta Air Lines","2009-01-23T00:00:00.000",,"Active","N640DL"
"155","B757-200","Delta Air Lines","2009-01-23T00:00:00.000",,"Active","N641DL"
"156","B757-200","Delta Air Lines","2009-01-23T00:00:00.000",,"Active","N642DL"
"158","B757-200","Delta Air Lines","2009-01-23T00:00:00.000",,"Active","N644DL"
"159","B757-200","Delta Air Lines","2009-01-23T00:00:00.000",,"Active","N645DL"
"160","B757-200","Delta Air Lines","2009-01-23T00:00:00.000",,"Active","N646DL"
"161","B757-200","Delta Air Lines","2009-01-23T00:00:00.000",,"Active","N647DL"
"162","B757-200","Delta Air Lines","2009-01-23T00:00:00.000",,"Active","N648DL"
"426","B737-300","Southwest Airlines","2009-01-23T00:00:00.000",,"Active","N648SW"
"163","B757-200","Delta Air Lines","2009-01-23T00:00:00.000",,"Active","N649DL"
"164","B757-200","Delta Air Lines","2009-01-23T00:00:00.000",,"Active","N650DL"
"427","B737-300","Southwest Airlines","2009-01-23T00:00:00.000",,"Active","N650SW"
"165","B757-200","Delta Air Lines","2009-01-23T00:00:00.000",,"Active","N651DL"
"428","B737-300","Southwest Airlines","2009-01-23T00:00:00.000",,"Active","N651SW"
"429","B737-300","Southwest Airlines","2009-01-23T00:00:00.000",,"Active","N652SW"
"167","B757-200","Delta Air Lines","2009-01-23T00:00:00.000",,"Active","N655DL"
"168","B757-200","Delta Air Lines","2009-01-23T00:00:00.000",,"Active","N656DL"
"431","B737-300","Southwest Airlines","2009-01-23T00:00:00.000",,"Active","N656SW"
"432","B737-300","Southwest Airlines","2009-01-23T00:00:00.000",,"Active","N656WN"
"169","B757-200","Delta Air Lines","2009-01-23T00:00:00.000",,"Active","N657DL"
"170","B757-200","Delta Air Lines","2009-01-23T00:00:00.000",,"Active","N659DL"
"433","B737-300","Southwest Airlines","2009-01-23T00:00:00.000",,"Active","N660SW"
"434","B737-300","Southwest Airlines","2009-01-23T00:00:00.000",,"Active","N662SW"
"171","B757-200","Delta Air Lines","2009-01-23T00:00:00.000",,"Active","N665DL"
"172","B757-200","Delta Air Lines","2009-01-23T00:00:00.000",,"Active","N667DL"
"173","B757-200","Delta Air Lines","2009-01-23T00:00:00.000",,"Active","N668DL"
"176","B757-200","Delta Air Lines","2009-01-23T00:00:00.000",,"Active","N6702"
"177","B757-200","Delta Air Lines","2009-01-23T00:00:00.000",,"Active","N6703"
"184","B757-200","Delta Air Lines","2009-01-23T00:00:00.000",,"Active","N670DN"
"193","B757-200","Delta Air Lines","2009-01-23T00:00:00.000",,"Active","N674DL"
"194","B757-200","Delta Air Lines","2009-01-23T00:00:00.000",,"Active","N676DL"
"435","B737-300","Southwest Airlines","2009-01-23T00:00:00.000",,"Active","N676SW"
"436","B737-300","Southwest Airlines","2009-01-23T00:00:00.000",,"Active","N686SW"
"437","B737-300","Southwest Airlines","2009-01-23T00:00:00.000",,"Active","N689SW"
"438","B737-300","Southwest Airlines","2009-01-23T00:00:00.000",,"Active","N692SW"
"196","B757-200","Delta Air Lines","2009-01-23T00:00:00.000",,"Active","N694DL"
"197","B757-200","Delta Air Lines","2009-01-23T00:00:00.000",,"Active","N695DL"
"198","B757-200","Delta Air Lines","2009-01-23T00:00:00.000",,"Active","N696DL"
"199","B757-200","Delta Air Lines","2009-01-23T00:00:00.000",,"Active","N697DL"
"200","B757-200","Delta Air Lines","2009-01-23T00:00:00.000",,"Active","N698DL"
"439","B737-700","Southwest Airlines","2009-01-23T00:00:00.000",,"Active","N700GS"
"440","B737-700","Southwest Airlines","2009-01-23T00:00:00.000",,"Active","N701GS"
"441","B737-700","Southwest Airlines","2009-01-23T00:00:00.000",,"Active","N703SW"
"442","B737-700","Southwest Airlines","2009-01-23T00:00:00.000",,"Active","N705SW"
"20","B737-400","Alaska Airlines","2009-01-23T00:00:00.000",,"Active","N706AS"
"443","B737-700","Southwest Airlines","2009-01-23T00:00:00.000",,"Active","N706SW"
"444","B737-700","Southwest Airlines","2009-01-23T00:00:00.000",,"Active","N707SA"
"21","B737-400","Alaska Airlines","2009-01-23T00:00:00.000",,"Active","N708AS"
"446","B737-700","Southwest Airlines","2009-01-23T00:00:00.000",,"Active","N711HK"
"22","B737-400","Alaska Airlines","2009-01-23T00:00:00.000",,"Active","N713AS"
"447","B737-700","Southwest Airlines","2009-01-23T00:00:00.000",,"Active","N713SW"
"449","B737-700","Southwest Airlines","2009-01-23T00:00:00.000",,"Active","N715SW"
"450","B737-700","Southwest Airlines","2009-01-23T00:00:00.000",,"Active","N716SW"
"451","B737-700","Southwest Airlines","2009-01-23T00:00:00.000",,"Active","N719SW"
"452","B737-700","Southwest Airlines","2009-01-23T00:00:00.000",,"Active","N723SW"
"453","B737-700","Southwest Airlines","2009-01-23T00:00:00.000",,"Active","N724SW"
"454","B737-700","Southwest Airlines","2009-01-23T00:00:00.000",,"Active","N725SW"
"455","B737-700","Southwest Airlines","2009-01-23T00:00:00.000",,"Active","N727SW"
"456","B737-700","Southwest Airlines","2009-01-23T00:00:00.000",,"Active","N728SW"
"457","B737-700","Southwest Airlines","2009-01-23T00:00:00.000",,"Active","N729SW"
"458","B737-700","Southwest Airlines","2009-01-23T00:00:00.000",,"Active","N730SW"
"23","B737-400","Alaska Airlines","2009-01-23T00:00:00.000",,"Active","N732AS"
"459","B737-700","Southwest Airlines","2009-01-23T00:00:00.000",,"Active","N733SA"
"460","B737-700","Southwest Airlines","2009-01-23T00:00:00.000",,"Active","N736SA"
"461","B737-700","Southwest Airlines","2009-01-23T00:00:00.000",,"Active","N737JW"
"462","B737-700","Southwest Airlines","2009-01-23T00:00:00.000",,"Active","N741SA"
"463","B737-700","Southwest Airlines","2009-01-23T00:00:00.000",,"Active","N745SW"
"254","B747-200","Southern Air","2009-01-23T00:00:00.000",,"Active","N746SA"
"464","B737-700","Southwest Airlines","2009-01-23T00:00:00.000",,"Active","N750SA"
"466","B737-700","Southwest Airlines","2009-01-23T00:00:00.000",,"Active","N753SW"
"24","B737-400","Alaska Airlines","2009-01-23T00:00:00.000",,"Active","N754AS"
"467","B737-700","Southwest Airlines","2009-01-23T00:00:00.000",,"Active","N754SW"
"468","B737-700","Southwest Airlines","2009-01-23T00:00:00.000",,"Active","N755SA"
"469","B737-700","Southwest Airlines","2009-01-23T00:00:00.000",,"Active","N756SA"
"470","B737-700","Southwest Airlines","2009-01-23T00:00:00.000",,"Active","N757LV"
"471","B737-700","Southwest Airlines","2009-01-23T00:00:00.000",,"Active","N758SW"
"472","B737-700","Southwest Airlines","2009-01-23T00:00:00.000",,"Active","N759GS"
"474","B737-700","Southwest Airlines","2009-01-23T00:00:00.000",,"Active","N761RR"
"475","B737-700","Southwest Airlines","2009-01-23T00:00:00.000",,"Active","N765SW"
"476","B737-700","Southwest Airlines","2009-01-23T00:00:00.000",,"Active","N766SW"
"477","B737-700","Southwest Airlines","2009-01-23T00:00:00.000",,"Active","N767SW"
"25","B737-400","Alaska Airlines","2009-01-23T00:00:00.000",,"Active","N769AS"
"478","B737-700","Southwest Airlines","2009-01-23T00:00:00.000",,"Active","N769SW"
"479","B737-700","Southwest Airlines","2009-01-23T00:00:00.000",,"Active","N771SA"
"26","B737-400","Alaska Airlines","2009-01-23T00:00:00.000",,"Active","N772AS"
"480","B737-700","Southwest Airlines","2009-01-23T00:00:00.000",,"Active","N772SW"
"27","B737-400","Alaska Airlines","2009-01-23T00:00:00.000",,"Active","N773AS"
"28","B737-400","Alaska Airlines","2009-01-23T00:00:00.000",,"Active","N774AS"
"29","B737-400","Alaska Airlines","2009-01-23T00:00:00.000",,"Active","N776AS"
"482","B737-700","Southwest Airlines","2009-01-23T00:00:00.000",,"Active","N776WN"
"483","B737-700","Southwest Airlines","2009-01-23T00:00:00.000",,"Active","N777QC"
"484","B737-700","Southwest Airlines","2009-01-23T00:00:00.000",,"Active","N779SW"
"485","B737-700","Southwest Airlines","2009-01-23T00:00:00.000",,"Active","N780WN"
"486","B737-700","Southwest Airlines","2009-01-23T00:00:00.000",,"Active","N781WN"
"30","B737-400","Alaska Airlines","2009-01-23T00:00:00.000",,"Active","N782AS"
"31","B737-400","Alaska Airlines","2009-01-23T00:00:00.000",,"Active","N783AS"
"487","B737-700","Southwest Airlines","2009-01-23T00:00:00.000",,"Active","N784SW"
"32","B737-400","Alaska Airlines","2009-01-23T00:00:00.000",,"Active","N785AS"
"488","B737-700","Southwest Airlines","2009-01-23T00:00:00.000",,"Active","N785SW"
"489","B737-700","Southwest Airlines","2009-01-23T00:00:00.000",,"Active","N787SA"
"490","B737-700","Southwest Airlines","2009-01-23T00:00:00.000",,"Active","N788SA"
"491","B737-700","Southwest Airlines","2009-01-23T00:00:00.000",,"Active","N789SW"
"492","B737-700","Southwest Airlines","2009-01-23T00:00:00.000",,"Active","N791SW"
"493","B737-700","Southwest Airlines","2009-01-23T00:00:00.000",,"Active","N792SW"
"33","B737-400","Alaska Airlines","2009-01-23T00:00:00.000",,"Active","N793AS"
"494","B737-700","Southwest Airlines","2009-01-23T00:00:00.000",,"Active","N794SW"
"495","B737-700","Southwest Airlines","2009-01-23T00:00:00.000",,"Active","N795SW"
"496","B737-700","Southwest Airlines","2009-01-23T00:00:00.000",,"Active","N796SW"
"34","B737-400","Alaska Airlines","2009-01-23T00:00:00.000",,"Active","N797AS"
"497","B737-700","Southwest Airlines","2009-01-23T00:00:00.000",,"Active","N797MX"
"498","B737-700","Southwest Airlines","2009-01-23T00:00:00.000",,"Active","N798SW"
"35","B737-400","Alaska Airlines","2009-01-23T00:00:00.000",,"Active","N799AS"
"1","B767-200","ABX Air","2009-01-23T00:00:00.000",,"Active","N799AX"
"499","B737-700","Southwest Airlines","2009-01-23T00:00:00.000",,"Active","N901WN"
"500","B737-700","Southwest Airlines","2009-01-23T00:00:00.000",,"Active","N904WN"
"501","B737-700","Southwest Airlines","2009-01-23T00:00:00.000",,"Active","N907WN"
"502","B737-700","Southwest Airlines","2009-01-23T00:00:00.000",,"Active","N908WN"
"503","B737-700","Southwest Airlines","2009-01-23T00:00:00.000",,"Active","N909WN"
"504","B737-700","Southwest Airlines","2009-01-23T00:00:00.000",,"Active","N910WN"
"505","B737-700","Southwest Airlines","2009-01-23T00:00:00.000",,"Active","N912WN"
"506","B737-700","Southwest Airlines","2009-01-23T00:00:00.000",,"Active","N913WN"
"507","B737-700","Southwest Airlines","2009-01-23T00:00:00.000",,"Active","N914WN"
"508","B737-700","Southwest Airlines","2009-01-23T00:00:00.000",,"Active","N915WN"
"509","B737-700","Southwest Airlines","2009-01-23T00:00:00.000",,"Active","N919WN"
"510","B737-700","Southwest Airlines","2009-01-23T00:00:00.000",,"Active","N921WN"
"513","B737-700","Southwest Airlines","2009-01-23T00:00:00.000",,"Active","N925WN"
"515","B737-700","Southwest Airlines","2009-01-23T00:00:00.000",,"Active","N929WN"
"520","B757-200","Swissport USA","2009-01-23T00:00:00.000",,"Active","PACE"
"10633","A320-200","Virgin America","2016-07-01T19:54:00.000",,"Active","N364VA"
"10455","B767-300","Delta Air Lines","2016-03-17T23:06:00.000",,"Active","N175DN"
"10156","CRJ-900","Skywest Airlines","2015-11-05T21:54:00.000",,"Active","N162PQ"
"7011","B757-200","United Airlines","2013-06-27T16:06:00.000",,"Active","N514UA"
"875","B737-300","Southwest Airlines","2009-03-24T05:14:00.000",,"Active","N386SW"
"7101","B767-300","United Airlines","2013-06-27T16:06:00.000",,"Active","N667UA"
"7933","B757-200","United Airlines","2013-10-30T17:09:00.000",,"Active","N509UA"
"1361","B737-800","Delta Air Lines","2009-07-18T14:31:00.000",,"Active","N3735D"
"11520","B777-300","United Airlines","2017-08-15T06:04:00.000",,"Active","N2138U"
"10264","B747-400","China Airlines","2015-12-19T12:50:00.000",,"Active","B18706"
"8925","CRJ-700","Skywest Airlines","2014-11-04T06:55:00.000",,"Active","N743SK"
"8637","B737-700","Southwest Airlines","2014-07-26T14:32:00.000",,"Active","N7713"
"8811","CRJ-200","Skywest Airlines","2014-09-26T05:52:00.000",,"Active","N494CA"
"5996","A320-200","US Airways","2012-10-28T15:04:00.000","2015-10-22T07:30:00.000","Inactive","N672AW"
"3870","B757-200","United Airlines - Pre 07/01/2013","2011-08-28T19:57:00.000","2013-06-27T16:06:00.000","Inactive","N541UA"
"9664","CRJ-700","Skywest Airlines","2015-07-23T13:09:00.000",,"Active","N797SK"
"6050","CRJ-200","Skywest Airlines","2012-11-20T05:52:00.000",,"Active","N917SW"
"8184","B737-900","Delta Air Lines","2014-01-21T15:57:00.000",,"Active","N807DN"
"9487","EMB-170","Skywest Airlines","2015-05-24T17:41:00.000",,"Active","N134SY"
"9538","B737-700","Southwest Airlines","2015-06-12T14:23:00.000",,"Active","N7711N"
"9011","B777-300","Air New Zealand","2014-11-30T10:11:00.000",,"Active","ZK-OKQ"
"1719","B737-300","Southwest Airlines","2009-10-30T05:11:00.000",,"Active","N383SW"
"10786","A321-200","American Airlines","2016-09-16T23:35:00.000",,"Active","N976UY"
"9941","A321-200","American Airlines","2015-10-22T07:30:00.000",,"Active","N545UW"
"10144","B737-900","Delta Air Lines","2015-11-01T15:49:00.000",,"Active","N847DN"
"1924","CRJ-200","Skywest Airlines","2010-01-19T06:23:00.000",,"Active","N947SW"
"1378","B737-300","Southwest Airlines","2009-07-22T05:16:00.000",,"Active","N395SW"
"7449","A321-200","US Airways","2013-09-03T05:53:00.000","2015-10-22T07:30:00.000","Inactive","151UW"
"3686","B737-800","United Airlines","2011-07-24T20:34:00.000","2011-09-26T18:56:00.000","Active","N17233"
"8674","B747-400","Total Airport Services","2014-08-05T15:28:00.000",,"Active","N903AR"
"11284","MD-90-30","Delta Air Lines","2017-03-08T20:05:00.000",,"Active","N960DL"
"1599","CRJ-700","Skywest Airlines","2009-09-26T16:22:00.000",,"Active","N609SK"
"9531","B717-","Delta Air Lines","2015-06-06T17:50:00.000","2016-03-14T14:57:00.000","Active","N910AT"
"11623","B737-900","Alaska Airlines","2017-09-27T20:58:00.000",,"Active","N408AS"
"8924","B737-900","Delta Air Lines","2014-11-03T14:45:00.000",,"Active","N816DN"
"8011","A320-200","United Airlines","2013-11-17T11:49:00.000","2013-11-17T16:50:00.000","Active","N402UA"
"5284","A320-200","United Airlines - Pre 07/01/2013","2012-06-14T17:56:00.000","2013-06-27T16:06:00.000","Inactive","N407UA"
"10504","EMB-170","United Airlines","2016-05-02T09:36:00.000",,"Active","N152SY"
"9901","A321-200","American Airlines","2015-10-22T07:30:00.000",,"Active","N193UW"
"7328","B767-200","DHL Express (USA)","2013-08-05T08:12:00.000",,"Active","N790AX"
"1872","B737-700","Southwest Airlines","2009-12-29T04:47:00.000",,"Active","N231SW"
"10641","B787-9","United Airlines","2016-07-06T16:17:00.000","2016-07-29T10:21:00.000","Active","N13954"
"10069","A320-200","American Airlines","2015-10-22T07:30:00.000",,"Active","N705US"
"10029","A320-200","American Airlines","2015-10-22T07:30:00.000",,"Active","N655AW"
"9114","B747-400","Kalitta Air","2015-01-06T22:52:00.000",,"Active","N740CK"
"1094","B737-300","Southwest Airlines","2009-05-19T05:17:00.000",,"Active","N601WN"
"5932","B737-800","United Airlines","2012-10-09T01:22:00.000",,"Active","N12218"
"558","A320-200","Virgin America","2009-01-23T00:00:00.000","2009-05-04T15:03:00.000","Active","N630VA"
"4605","CRJ-700","United Airlines - Pre 07/01/2013","2012-03-03T13:25:00.000","2013-06-27T16:06:00.000","Inactive","N746S"
"5972","A320-200","United Airlines - Pre 07/01/2013","2012-10-20T18:38:00.000","2013-06-27T16:06:00.000","Inactive","N421UA"
"7586","B737-800","United Airlines","2013-10-11T01:15:00.000","2015-06-14T17:35:00.000","Active","N3747"
"3626","B737-800","United Airlines","2011-07-17T21:42:00.000",,"Active","N78285"
"7918","B757-200","Delta Air Lines","2013-10-25T17:43:00.000",,"Active","N670DL"
"1010","B737-300","Southwest Airlines","2009-05-01T04:53:00.000",,"Active","N330SW"
"1566","CRJ-700","Skywest Airlines","2009-09-15T19:12:00.000",,"Active","N823SK"
"6954","B777-200","United Airlines","2013-06-27T16:06:00.000",,"Active","N219UA"
"8028","A319-","XL Airways France","2013-11-20T12:42:00.000",,"Active","N007"
"4331","CRJ-200","Skywest Airlines","2012-01-04T08:56:00.000","2012-11-30T07:46:00.000","Active","N932SW"
"2613","B737-700","AirTran Airways","2010-09-04T09:30:00.000","2014-08-08T01:50:00.000","Active","N240AT"
"1199","B757-300","Northwest Airlines","2009-06-08T10:39:00.000","2013-10-24T15:01:00.000","Inactive","N588NW"
"9451","B777-300","Air New Zealand","2015-05-08T11:31:00.000",,"Active","ZK-OKP"
"9943","A321-200","American Airlines","2015-10-22T07:30:00.000",,"Active","N546UW"
"1831","CRJ-900","Skywest Airlines","2009-12-12T16:40:00.000",,"Active","N825CA"
"10319","A321-200","American Airlines","2016-01-13T19:26:00.000",,"Active","N977UY"
"7509","A319-","United Airlines","2013-09-14T07:33:00.000","2014-02-13T01:22:00.000","Active","N848UA"
"993","B737-300","Southwest Airlines","2009-04-27T05:21:00.000",,"Active","N339SW"
"701","B767-200","ABX Air","2009-01-22T11:44:00.000",,"Inactive","x799AX"
"1079","CRJ-200","Skywest Airlines","2009-05-16T14:12:00.000",,"Active","N437SW"
"10027","A320-200","American Airlines","2015-10-22T07:30:00.000",,"Active","N653UW"
"773","A320-200","Northwest Airlines","2009-02-03T13:25:00.000","2013-10-24T15:01:00.000","Inactive","N316US"
"10039","A320-200","American Airlines","2015-10-22T07:30:00.000",,"Active","N661US"
"9841","A320-200","American Airlines","2015-10-22T07:30:00.000",,"Active","N119US"
"8572","B737-900","Delta Air Lines","2014-07-03T16:20:00.000",,"Active","N827DN"
"1806","B767-300","Delta Air Lines","2009-12-03T14:52:00.000",,"Active","N190DN"
"1590","B747-400","United Airlines - Pre 07/01/2013","2009-09-23T17:00:00.000","2013-06-27T16:06:00.000","Inactive","N120UA"
"2629","A321-200","US Airways","2010-09-12T11:38:00.000","2015-10-22T07:30:00.000","Inactive","N520UW"
"9095","A320-200","Delta Air Lines","2014-12-30T19:51:00.000",,"Active","347NW"
"7327","A321-200","US Airways","2013-08-04T05:37:00.000","2015-10-22T07:30:00.000","Inactive","N157UW"
"9134","MD-90-30","Delta Air Lines","2015-01-23T16:05:00.000",,"Active","N945DN"
"10446","B777-300","Cathay Pacific","2016-03-10T15:09:00.000",,"Active","BQKQY"
"555","A320-200","Virgin America","2009-01-23T00:00:00.000","2009-05-04T15:04:00.000","Active","N626VA"
"10186","CRJ-200","Skywest Airlines","2015-11-21T21:49:00.000",,"Active","N930SW"
"3997","B757-300","United Airlines","2011-09-22T16:46:00.000",,"Active","N57863"
"3981","B737-800","United Airlines","2011-09-14T16:10:00.000",,"Active","N37287"
"6016","MD-90-30","Delta Air Lines","2012-11-04T17:12:00.000",,"Active","N933DN"
"8146","A321-200","Delta Air Lines","2013-12-24T15:24:00.000","2017-03-15T09:06:00.000","Active","N312DN"
"7991","A320-200","United Airlines","2013-11-11T09:11:00.000",,"Active","N433UA"
"2640","B747-400","China Cargo Airlines","2010-09-16T16:16:00.000",,"Active","B18725"
"8762","EMB-170","Skywest Airlines","2014-09-07T22:40:00.000",,"Active","N118SY"
"961","B737-700","Southwest Airlines","2009-04-21T05:16:00.000",,"Active","N744SW"
"9956","A321-200","American Airlines","2015-10-22T07:30:00.000",,"Active","N555UW"
"4001","B737-800","United Airlines","2011-09-23T15:19:00.000",,"Active","N54241"
"9575","B737-900","Delta Air Lines","2015-06-29T17:48:00.000",,"Active","N838DN"
"6707","B747-8F","Korean Air Lines","2013-05-12T00:57:00.000","2014-02-15T05:27:00.000","Active","HL7624"
"10093","A319-","American Airlines","2015-10-22T07:30:00.000",,"Active","N821UW"
"9777","B767-300","Total Airport Services","2015-09-19T13:58:00.000",,"Active","CFPIJ"
"2130","B767-300","Delta Air Lines","2010-04-09T15:53:00.000",,"Active","N182DN"
"11386","A320-200","Air Canada","2017-05-12T18:14:00.000",,"Active","CFGYL"
"1866","B737-700","Southwest Airlines","2009-12-25T06:24:00.000",,"Active","N253WN"
"1294","A320-200","JetBlue Airways","2009-07-01T14:53:00.000",,"Active","N560JB"
"1164","B737-300","Southwest Airlines","2009-06-01T05:38:00.000",,"Active","N396SW"
"7052","B757-200","United Airlines","2013-06-27T16:06:00.000",,"Active","N564UA"
"7794","A319-","Delta Air Lines","2013-10-24T15:01:00.000",,"Active","N3170D"
"2951","B777-200","United Airlines - Pre 07/01/2013","2011-02-01T14:31:00.000","2013-06-27T16:06:00.000","Inactive","N206UA"
"7141","B777-200","United Airlines","2013-06-27T16:06:00.000",,"Active","N797UA"
"8143","B737-900","Delta Air Lines","2013-12-23T15:30:00.000",,"Active","N805DN"
"10115","A321-200","American Airlines","2015-10-22T07:30:00.000",,"Active","N915US"
"4000","CRJ-700","Skywest Airlines","2011-09-23T11:12:00.000","2011-09-23T11:24:00.000","Inactive","N772S"
"10330","B757-200","Delta Air Lines","2016-01-19T14:50:00.000",,"Active","N538US"
"9764","B737-900","Delta Air Lines","2015-09-09T14:42:00.000",,"Active","N832DN"
"960","B737-800","Delta Air Lines","2009-04-20T14:52:00.000",,"Active","N316DA"
"10729","B717-","Delta Air Lines","2016-08-04T00:28:00.000",,"Active","N948AT"
"4014","B737-900","United Airlines","2011-09-27T17:53:00.000",,"Active","N37422"
"9752","B717-","Delta Air Lines","2015-08-29T17:47:00.000","2016-09-27T16:46:00.000","Active","N947AT"
"1021","CRJ-200","Delta Air Lines","2009-05-04T14:41:00.000",,"Active","N446SW"
"9037","A321-200","US Airways","2014-12-15T05:29:00.000","2015-10-22T07:30:00.000","Inactive","N585US"
"9128","MD-90-30","Delta Air Lines","2015-01-16T16:12:00.000",,"Active","N941DN"
"8273","A320-200","Air Canada","2014-02-21T17:16:00.000","2014-02-21T17:32:00.000","Active","C-FDSU"
"1233","B737-700","Southwest Airlines","2009-06-20T05:30:00.000",,"Active","N241WN"
"749","B737-500","Southwest Airlines","2009-01-28T17:38:00.000",,"Active","N508SW"
"7608","A320-200","Delta Air Lines","2013-10-17T15:41:00.000",,"Active","N334NW"
"1200","B737-900","Signature Flight Support","2009-06-08T10:51:00.000",,"Active","N655DH"
"1564","A320-200","Frontier Airlines","2009-09-15T14:07:00.000","2010-06-03T09:07:00.000","Inactive","202"
"5931","A319-","Frontier Airlines","2012-10-08T20:59:00.000",,"Active","N952FR"
"11610","B737-900","Alaska Airlines","2017-09-20T19:44:00.000",,"Active","N433AS"
"6958","B777-200","United Airlines","2013-06-27T16:06:00.000",,"Active","N223UA"
"10227","A321-200","American Airlines","2015-12-10T20:28:00.000",,"Active","N980UY"
"4024","B737-800","United Airlines","2011-10-03T19:14:00.000",,"Active","N37277"
"10014","A320-200","American Airlines","2015-10-22T07:30:00.000",,"Active","N640AW"
"3309","B737-800","United Airlines","2011-05-11T16:13:00.000","2011-05-11T20:51:00.000","Active","N18220"
"851","B737-400","Alaska Airlines","2009-03-17T16:09:00.000","2009-04-03T14:55:00.000","Active","N756AS"
"1709","B757-200","Northwest Airlines","2009-10-25T20:23:00.000","2013-10-24T15:01:00.000","Inactive","N548US"
"10728","B747-400","Atlas Air","2016-08-02T19:11:00.000",,"Active","N297MC"
"9939","A321-200","American Airlines","2015-10-22T07:30:00.000",,"Active","N543UW"
"9958","A321-200","American Airlines","2015-10-22T07:30:00.000",,"Active","N557UW"
"4065","B757-300","United Airlines - Pre 07/01/2013","2011-10-12T12:36:00.000","2013-06-27T16:06:00.000","Inactive","75861"
"9100","EMB-170","Skywest Airlines","2015-01-02T13:05:00.000",,"Active","N106SY"
"79","B747-400","Cathay Pacific","2009-01-23T00:00:00.000","2009-03-26T16:45:00.000","Active","BLUD"
"10588","B747-400","Signature Flight Support","2016-06-07T19:19:00.000",,"Active","TF-AMN"
"803","B757-200","Delta Air Lines","2009-03-08T15:45:00.000",,"Active","N661DN"
"6448","B737-800","United Airlines","2013-02-07T10:43:00.000",,"Active","N3274"
"4335","B737-300","Southwest Airlines","2012-01-07T20:37:00.000",,"Active","N654WN"
"2726","A320-200","Delta Air Lines","2010-10-22T17:59:00.000",,"Active","N3219"
"9892","A321-200","American Airlines","2015-10-22T07:30:00.000",,"Active","N188UW"
"1266","B747-200","Martinair","2009-06-26T09:31:00.000",,"Active","PHMPR"
"894","B737-700","Southwest Airlines","2009-03-28T05:23:00.000",,"Active","N917WN"
"10168","A321-200","American Airlines","2015-11-13T19:46:00.000",,"Active","N912UY"
"10020","A320-100","American Airlines","2015-10-22T07:30:00.000",,"Active","N649AW"
"1187","B737-700","Southwest Airlines","2009-06-05T05:32:00.000",,"Active","N443WN"
"11070","A321-200","JetBlue Airways","2017-01-06T20:50:00.000",,"Active","N969JB"
"1565","B767-300","Delta Air Lines","2009-09-15T14:42:00.000","2016-04-19T16:40:00.000","Active","N136DL"
"6289","B777-200","United Airlines - Pre 07/01/2013","2013-01-06T15:41:00.000","2013-06-27T16:06:00.000","Inactive","N228UA"
"2804","MD-90-30","Delta Air Lines","2010-11-24T23:38:00.000",,"Active","N915DN"
